{"type":"FeatureCollection","features":[{"type":"Feature","id":101,"properties":{"id":"P-101","dls_village":10,"dls_basin":21,"dls_plot":101,"neighbourhood_en":"Abdoun","neighbourhood_ar":"عبدون","type":"villa","area_m2":569,"admin_value_fils_m2":437030,"market_value_fils_m2":1096822,"height_m":14,"offering_id":"","spv_name":"","unit_price_fils":0,"units_offered":0,"units_sold":0,"target_net_yield_bps":0,"closes_at":""},"geometry":{"type":"Polygon","coordinates":[[[35.87509,31.928025],[35.87583507408674,31.928025],[35.87583507408674,31.92876445613369],[35.87509,31.92876445613369],[35.87509,31.928025]]]}},{"type":"Feature","id":102,"properties":{"id":"P-102","dls_village":10,"dls_basin":21,"dls_plot":102,"neighbourhood_en":"Abdoun","neighbourhood_ar":"عبدون","type":"apartment","area_m2":634,"admin_value_fils_m2":417357,"market_value_fils_m2":1212239,"height_m":12,"offering_id":"","spv_name":"","unit_price_fils":0,"units_offered":0,"units_sold":0,"target_net_yield_bps":0,"closes_at":""},"geometry":{"type":"Polygon","coordinates":[[[35.87509,31.928875],[35.87573519520833,31.928875],[35.87573519520833,31.92945937348412],[35.87509,31.92945937348412],[35.87509,31.928875]]]}},{"type":"Feature","id":103,"properties":{"id":"P-103","dls_village":10,"dls_basin":21,"dls_plot":103,"neighbourhood_en":"Abdoun","neighbourhood_ar":"عبدون","type":"villa","area_m2":1275,"admin_value_fils_m2":441068,"market_value_fils_m2":1575006,"height_m":13,"offering_id":"","spv_name":"","unit_price_fils":0,"units_offered":0,"units_sold":0,"target_net_yield_bps":0,"closes_at":""},"geometry":{"type":"Polygon","coordinates":[[[35.87509,31.929725],[35.87560916846225,31.929725],[35.87560916846225,31.930327350756368],[35.87509,31.930327350756368],[35.87509,31.929725]]]}},{"type":"Feature","id":104,"properties":{"id":"P-104","dls_village":10,"dls_basin":21,"dls_plot":104,"neighbourhood_en":"Abdoun","neighbourhood_ar":"عبدون","type":"apartment","area_m2":540,"admin_value_fils_m2":442369,"market_value_fils_m2":1534431,"height_m":16,"offering_id":"OFF-104","spv_name":"Qitaa Abdoun 104 LLC","unit_price_fils":10000,"units_offered":4400,"units_sold":2143,"target_net_yield_bps":573,"closes_at":"2026-09-07T13:53:50.830Z"},"geometry":{"type":"Polygon","coordinates":[[[35.87509,31.930575],[35.87563082971606,31.930575],[35.87563082971606,31.93106585299134],[35.87509,31.93106585299134],[35.87509,31.930575]]]}},{"type":"Feature","id":105,"properties":{"id":"P-105","dls_village":10,"dls_basin":21,"dls_plot":105,"neighbourhood_en":"Abdoun","neighbourhood_ar":"عبدون","type":"villa","area_m2":770,"admin_value_fils_m2":415885,"market_value_fils_m2":1274568,"height_m":13,"offering_id":"","spv_name":"","unit_price_fils":0,"units_offered":0,"units_sold":0,"target_net_yield_bps":0,"closes_at":""},"geometry":{"type":"Polygon","coordinates":[[[35.87509,31.931425],[35.875617345304114,31.931425],[35.875617345304114,31.93196005716566],[35.87509,31.93196005716566],[35.87509,31.931425]]]}},{"type":"Feature","id":106,"properties":{"id":"P-106","dls_village":10,"dls_basin":21,"dls_plot":106,"neighbourhood_en":"Abdoun","neighbourhood_ar":"عبدون","type":"apartment","area_m2":872,"admin_value_fils_m2":435895,"market_value_fils_m2":1282337,"height_m":14,"offering_id":"","spv_name":"","unit_price_fils":0,"units_offered":0,"units_sold":0,"target_net_yield_bps":0,"closes_at":""},"geometry":{"type":"Polygon","coordinates":[[[35.87509,31.932275],[35.87578733017449,31.932275],[35.87578733017449,31.932956425699164],[35.87509,31.932956425699164],[35.87509,31.932275]]]}},{"type":"Feature","id":107,"properties":{"id":"P-107","dls_village":10,"dls_basin":21,"dls_plot":107,"neighbourhood_en":"Abdoun","neighbourhood_ar":"عبدون","type":"apartment","area_m2":677,"admin_value_fils_m2":368759,"market_value_fils_m2":1408186,"height_m":9,"offering_id":"","spv_name":"","unit_price_fils":0,"units_offered":0,"units_sold":0,"target_net_yield_bps":0,"closes_at":""},"geometry":{"type":"Polygon","coordinates":[[[35.87509,31.933125],[35.87557384491687,31.933125],[35.87557384491687,31.933810482294177],[35.87509,31.933810482294177],[35.87509,31.933125]]]}},{"type":"Feature","id":108,"properties":{"id":"P-108","dls_village":10,"dls_basin":21,"dls_plot":108,"neighbourhood_en":"Abdoun","neighbourhood_ar":"عبدون","type":"apartment","area_m2":769,"admin_value_fils_m2":431532,"market_value_fils_m2":1180742,"height_m":9,"offering_id":"","spv_name":"","unit_price_fils":0,"units_offered":0,"units_sold":0,"target_net_yield_bps":0,"closes_at":""},"geometry":{"type":"Polygon","coordinates":[[[35.87509,31.933975],[35.87573834039376,31.933975],[35.87573834039376,31.93469164972494],[35.87509,31.93469164972494],[35.87509,31.933975]]]}},{"type":"Feature","id":109,"properties":{"id":"P-109","dls_village":10,"dls_basin":21,"dls_plot":109,"neighbourhood_en":"Abdoun","neighbourhood_ar":"عبدون","type":"villa","area_m2":1176,"admin_value_fils_m2":451932,"market_value_fils_m2":1103203,"height_m":11,"offering_id":"","spv_name":"","unit_price_fils":0,"units_offered":0,"units_sold":0,"target_net_yield_bps":0,"closes_at":""},"geometry":{"type":"Polygon","coordinates":[[[35.8760675,31.927175000000002],[35.8768079589787,31.927175000000002],[35.8768079589787,31.927699256241674],[35.8760675,31.927699256241674],[35.8760675,31.927175000000002]]]}},{"type":"Feature","id":110,"properties":{"id":"P-110","dls_village":10,"dls_basin":21,"dls_plot":110,"neighbourhood_en":"Abdoun","neighbourhood_ar":"عبدون","type":"apartment","area_m2":1023,"admin_value_fils_m2":488978,"market_value_fils_m2":1556186,"height_m":14,"offering_id":"","spv_name":"","unit_price_fils":0,"units_offered":0,"units_sold":0,"target_net_yield_bps":0,"closes_at":""},"geometry":{"type":"Polygon","coordinates":[[[35.8760675,31.928025],[35.87657089532651,31.928025],[35.87657089532651,31.928521095212396],[35.8760675,31.928521095212396],[35.8760675,31.928025]]]}},{"type":"Feature","id":111,"properties":{"id":"P-111","dls_village":10,"dls_basin":21,"dls_plot":111,"neighbourhood_en":"Abdoun","neighbourhood_ar":"عبدون","type":"villa","area_m2":356,"admin_value_fils_m2":429530,"market_value_fils_m2":1024818,"height_m":13,"offering_id":"","spv_name":"","unit_price_fils":0,"units_offered":0,"units_sold":0,"target_net_yield_bps":0,"closes_at":""},"geometry":{"type":"Polygon","coordinates":[[[35.8760675,31.928875],[35.87678824102257,31.928875],[35.87678824102257,31.9294608259742],[35.8760675,31.9294608259742],[35.8760675,31.928875]]]}},{"type":"Feature","id":112,"properties":{"id":"P-112","dls_village":10,"dls_basin":21,"dls_plot":112,"neighbourhood_en":"Abdoun","neighbourhood_ar":"عبدون","type":"villa","area_m2":1244,"admin_value_fils_m2":481272,"market_value_fils_m2":1556325,"height_m":15,"offering_id":"","spv_name":"","unit_price_fils":0,"units_offered":0,"units_sold":0,"target_net_yield_bps":0,"closes_at":""},"geometry":{"type":"Polygon","coordinates":[[[35.8760675,31.929725],[35.876778493225984,31.929725],[35.876778493225984,31.930212213635595],[35.8760675,31.930212213635595],[35.8760675,31.929725]]]}},{"type":"Feature","id":113,"properties":{"id":"P-113","dls_village":10,"dls_basin":21,"dls_plot":113,"neighbourhood_en":"Abdoun","neighbourhood_ar":"عبدون","type":"villa","area_m2":1064,"admin_value_fils_m2":399128,"market_value_fils_m2":1173841,"height_m":11,"offering_id":"OFF-113","spv_name":"Qitaa Abdoun 113 LLC","unit_price_fils":10000,"units_offered":11700,"units_sold":11513,"target_net_yield_bps":773,"closes_at":"2026-09-30T17:04:28.007Z"},"geometry":{"type":"Polygon","coordinates":[[[35.8760675,31.930575],[35.876812789745536,31.930575],[35.876812789745536,31.931201425786533],[35.8760675,31.931201425786533],[35.8760675,31.930575]]]}},{"type":"Feature","id":114,"properties":{"id":"P-114","dls_village":10,"dls_basin":21,"dls_plot":114,"neighbourhood_en":"Abdoun","neighbourhood_ar":"عبدون","type":"apartment","area_m2":465,"admin_value_fils_m2":443228,"market_value_fils_m2":1039116,"height_m":11,"offering_id":"","spv_name":"","unit_price_fils":0,"units_offered":0,"units_sold":0,"target_net_yield_bps":0,"closes_at":""},"geometry":{"type":"Polygon","coordinates":[[[35.8760675,31.931425],[35.87666504108725,31.931425],[35.87666504108725,31.932065991797714],[35.8760675,31.932065991797714],[35.8760675,31.931425]]]}},{"type":"Feature","id":115,"properties":{"id":"P-115","dls_village":10,"dls_basin":21,"dls_plot":115,"neighbourhood_en":"Abdoun","neighbourhood_ar":"عبدون","type":"villa","area_m2":917,"admin_value_fils_m2":386069,"market_value_fils_m2":1455378,"height_m":14,"offering_id":"","spv_name":"","unit_price_fils":0,"units_offered":0,"units_sold":0,"target_net_yield_bps":0,"closes_at":""},"geometry":{"type":"Polygon","coordinates":[[[35.8760675,31.933125],[35.87674689988474,31.933125],[35.87674689988474,31.933888383089318],[35.8760675,31.933888383089318],[35.8760675,31.933125]]]}},{"type":"Feature","id":116,"properties":{"id":"P-116","dls_village":10,"dls_basin":21,"dls_plot":116,"neighbourhood_en":"Abdoun","neighbourhood_ar":"عبدون","type":"villa","area_m2":414,"admin_value_fils_m2":488034,"market_value_fils_m2":1312559,"height_m":12,"offering_id":"","spv_name":"","unit_price_fils":0,"units_offered":0,"units_sold":0,"target_net_yield_bps":0,"closes_at":""},"geometry":{"type":"Polygon","coordinates":[[[35.8760675,31.933975],[35.8767116936167,31.933975],[35.8767116936167,31.934575066448705],[35.8760675,31.934575066448705],[35.8760675,31.933975]]]}},{"type":"Feature","id":117,"properties":{"id":"P-117","dls_village":10,"dls_basin":21,"dls_plot":117,"neighbourhood_en":"Abdoun","neighbourhood_ar":"عبدون","type":"apartment","area_m2":779,"admin_value_fils_m2":449141,"market_value_fils_m2":1332491,"height_m":12,"offering_id":"","spv_name":"","unit_price_fils":0,"units_offered":0,"units_sold":0,"target_net_yield_bps":0,"closes_at":""},"geometry":{"type":"Polygon","coordinates":[[[35.877044999999995,31.927175000000002],[35.8778029676269,31.927175000000002],[35.8778029676269,31.927884406706806],[35.877044999999995,31.927884406706806],[35.877044999999995,31.927175000000002]]]}},{"type":"Feature","id":118,"properties":{"id":"P-118","dls_village":10,"dls_basin":21,"dls_plot":118,"neighbourhood_en":"Abdoun","neighbourhood_ar":"عبدون","type":"villa","area_m2":949,"admin_value_fils_m2":491840,"market_value_fils_m2":1589423,"height_m":11,"offering_id":"OFF-118","spv_name":"Qitaa Abdoun 118 LLC","unit_price_fils":10000,"units_offered":11800,"units_sold":9197,"target_net_yield_bps":751,"closes_at":"2026-08-23T22:18:28.461Z"},"geometry":{"type":"Polygon","coordinates":[[[35.877044999999995,31.928025],[35.877555877609474,31.928025],[35.877555877609474,31.9287256459428],[35.877044999999995,31.9287256459428],[35.877044999999995,31.928025]]]}},{"type":"Feature","id":119,"properties":{"id":"P-119","dls_village":10,"dls_basin":21,"dls_plot":119,"neighbourhood_en":"Abdoun","neighbourhood_ar":"عبدون","type":"villa","area_m2":390,"admin_value_fils_m2":371106,"market_value_fils_m2":1009226,"height_m":12,"offering_id":"OFF-119","spv_name":"Qitaa Abdoun 119 LLC","unit_price_fils":10000,"units_offered":10900,"units_sold":3949,"target_net_yield_bps":585,"closes_at":"2026-10-27T11:08:22.764Z"},"geometry":{"type":"Polygon","coordinates":[[[35.877044999999995,31.928875],[35.87776351175719,31.928875],[35.87776351175719,31.929510372703348],[35.877044999999995,31.929510372703348],[35.877044999999995,31.928875]]]}},{"type":"Feature","id":120,"properties":{"id":"P-120","dls_village":10,"dls_basin":21,"dls_plot":120,"neighbourhood_en":"Abdoun","neighbourhood_ar":"عبدون","type":"villa","area_m2":1067,"admin_value_fils_m2":382944,"market_value_fils_m2":1411515,"height_m":12,"offering_id":"","spv_name":"","unit_price_fils":0,"units_offered":0,"units_sold":0,"target_net_yield_bps":0,"closes_at":""},"geometry":{"type":"Polygon","coordinates":[[[35.877044999999995,31.929725],[35.87755055694361,31.929725],[35.87755055694361,31.930321804025567],[35.877044999999995,31.930321804025567],[35.877044999999995,31.929725]]]}},{"type":"Feature","id":121,"properties":{"id":"P-121","dls_village":10,"dls_basin":21,"dls_plot":121,"neighbourhood_en":"Abdoun","neighbourhood_ar":"عبدون","type":"apartment","area_m2":979,"admin_value_fils_m2":397124,"market_value_fils_m2":1526383,"height_m":11,"offering_id":"","spv_name":"","unit_price_fils":0,"units_offered":0,"units_sold":0,"target_net_yield_bps":0,"closes_at":""},"geometry":{"type":"Polygon","coordinates":[[[35.877044999999995,31.930575],[35.87765999213146,31.930575],[35.87765999213146,31.931312863005175],[35.877044999999995,31.931312863005175],[35.877044999999995,31.930575]]]}},{"type":"Feature","id":122,"properties":{"id":"P-122","dls_village":10,"dls_basin":21,"dls_plot":122,"neighbourhood_en":"Abdoun","neighbourhood_ar":"عبدون","type":"apartment","area_m2":1124,"admin_value_fils_m2":433780,"market_value_fils_m2":1502018,"height_m":9,"offering_id":"","spv_name":"","unit_price_fils":0,"units_offered":0,"units_sold":0,"target_net_yield_bps":0,"closes_at":""},"geometry":{"type":"Polygon","coordinates":[[[35.877044999999995,31.931425],[35.87779136213931,31.931425],[35.87779136213931,31.932077673320443],[35.877044999999995,31.932077673320443],[35.877044999999995,31.931425]]]}},{"type":"Feature","id":123,"properties":{"id":"P-123","dls_village":10,"dls_basin":21,"dls_plot":123,"neighbourhood_en":"Abdoun","neighbourhood_ar":"عبدون","type":"villa","area_m2":956,"admin_value_fils_m2":455574,"market_value_fils_m2":1490104,"height_m":15,"offering_id":"","spv_name":"","unit_price_fils":0,"units_offered":0,"units_sold":0,"target_net_yield_bps":0,"closes_at":""},"geometry":{"type":"Polygon","coordinates":[[[35.877044999999995,31.932275],[35.877711716498716,31.932275],[35.877711716498716,31.933015261732347],[35.877044999999995,31.933015261732347],[35.877044999999995,31.932275]]]}},{"type":"Feature","id":124,"properties":{"id":"P-124","dls_village":10,"dls_basin":21,"dls_plot":124,"neighbourhood_en":"Abdoun","neighbourhood_ar":"عبدون","type":"apartment","area_m2":665,"admin_value_fils_m2":492324,"market_value_fils_m2":1096070,"height_m":14,"offering_id":"","spv_name":"","unit_price_fils":0,"units_offered":0,"units_sold":0,"target_net_yield_bps":0,"closes_at":""},"geometry":{"type":"Polygon","coordinates":[[[35.877044999999995,31.933125],[35.877774015902546,31.933125],[35.877774015902546,31.933800423743833],[35.877044999999995,31.933800423743833],[35.877044999999995,31.933125]]]}},{"type":"Feature","id":125,"properties":{"id":"P-125","dls_village":10,"dls_basin":21,"dls_plot":125,"neighbourhood_en":"Abdoun","neighbourhood_ar":"عبدون","type":"apartment","area_m2":1338,"admin_value_fils_m2":431938,"market_value_fils_m2":1588293,"height_m":14,"offering_id":"","spv_name":"","unit_price_fils":0,"units_offered":0,"units_sold":0,"target_net_yield_bps":0,"closes_at":""},"geometry":{"type":"Polygon","coordinates":[[[35.8780225,31.927175000000002],[35.878549995033644,31.927175000000002],[35.878549995033644,31.927931104214576],[35.8780225,31.927931104214576],[35.8780225,31.927175000000002]]]}},{"type":"Feature","id":126,"properties":{"id":"P-126","dls_village":10,"dls_basin":21,"dls_plot":126,"neighbourhood_en":"Abdoun","neighbourhood_ar":"عبدون","type":"apartment","area_m2":987,"admin_value_fils_m2":391835,"market_value_fils_m2":1137676,"height_m":10,"offering_id":"OFF-126","spv_name":"Qitaa Abdoun 126 LLC","unit_price_fils":10000,"units_offered":8900,"units_sold":1028,"target_net_yield_bps":632,"closes_at":"2026-10-02T12:27:10.465Z"},"geometry":{"type":"Polygon","coordinates":[[[35.8780225,31.928025],[35.87874954124799,31.928025],[35.87874954124799,31.92861854559173],[35.8780225,31.92861854559173],[35.8780225,31.928025]]]}},{"type":"Feature","id":127,"properties":{"id":"P-127","dls_village":10,"dls_basin":21,"dls_plot":127,"neighbourhood_en":"Abdoun","neighbourhood_ar":"عبدون","type":"villa","area_m2":1264,"admin_value_fils_m2":482958,"market_value_fils_m2":1274427,"height_m":15,"offering_id":"","spv_name":"","unit_price_fils":0,"units_offered":0,"units_sold":0,"target_net_yield_bps":0,"closes_at":""},"geometry":{"type":"Polygon","coordinates":[[[35.8780225,31.928875],[35.87867871713965,31.928875],[35.87867871713965,31.929509607527592],[35.8780225,31.929509607527592],[35.8780225,31.928875]]]}},{"type":"Feature","id":128,"properties":{"id":"P-128","dls_village":10,"dls_basin":21,"dls_plot":128,"neighbourhood_en":"Abdoun","neighbourhood_ar":"عبدون","type":"apartment","area_m2":363,"admin_value_fils_m2":473748,"market_value_fils_m2":1163531,"height_m":13,"offering_id":"","spv_name":"","unit_price_fils":0,"units_offered":0,"units_sold":0,"target_net_yield_bps":0,"closes_at":""},"geometry":{"type":"Polygon","coordinates":[[[35.8780225,31.929725],[35.87849146507903,31.929725],[35.87849146507903,31.93031590654486],[35.8780225,31.93031590654486],[35.8780225,31.929725]]]}},{"type":"Feature","id":129,"properties":{"id":"P-129","dls_village":10,"dls_basin":21,"dls_plot":129,"neighbourhood_en":"Abdoun","neighbourhood_ar":"عبدون","type":"villa","area_m2":636,"admin_value_fils_m2":416576,"market_value_fils_m2":1156629,"height_m":11,"offering_id":"","spv_name":"","unit_price_fils":0,"units_offered":0,"units_sold":0,"target_net_yield_bps":0,"closes_at":""},"geometry":{"type":"Polygon","coordinates":[[[35.8780225,31.930575],[35.87854094455044,31.930575],[35.87854094455044,31.93108304197547],[35.8780225,31.93108304197547],[35.8780225,31.930575]]]}},{"type":"Feature","id":130,"properties":{"id":"P-130","dls_village":10,"dls_basin":21,"dls_plot":130,"neighbourhood_en":"Abdoun","neighbourhood_ar":"عبدون","type":"villa","area_m2":942,"admin_value_fils_m2":441288,"market_value_fils_m2":1437480,"height_m":11,"offering_id":"","spv_name":"","unit_price_fils":0,"units_offered":0,"units_sold":0,"target_net_yield_bps":0,"closes_at":""},"geometry":{"type":"Polygon","coordinates":[[[35.8780225,31.931425],[35.878508973115466,31.931425],[35.878508973115466,31.932075255256663],[35.8780225,31.932075255256663],[35.8780225,31.931425]]]}},{"type":"Feature","id":131,"properties":{"id":"P-131","dls_village":10,"dls_basin":21,"dls_plot":131,"neighbourhood_en":"Abdoun","neighbourhood_ar":"عبدون","type":"apartment","area_m2":1359,"admin_value_fils_m2":473459,"market_value_fils_m2":1531589,"height_m":14,"offering_id":"OFF-131","spv_name":"Qitaa Abdoun 131 LLC","unit_price_fils":10000,"units_offered":10600,"units_sold":980,"target_net_yield_bps":807,"closes_at":"2026-10-08T12:24:18.381Z"},"geometry":{"type":"Polygon","coordinates":[[[35.8780225,31.932275],[35.87873136106195,31.932275],[35.87873136106195,31.9328968771653],[35.8780225,31.9328968771653],[35.8780225,31.932275]]]}},{"type":"Feature","id":132,"properties":{"id":"P-132","dls_village":10,"dls_basin":21,"dls_plot":132,"neighbourhood_en":"Abdoun","neighbourhood_ar":"عبدون","type":"villa","area_m2":1395,"admin_value_fils_m2":394091,"market_value_fils_m2":1491600,"height_m":12,"offering_id":"","spv_name":"","unit_price_fils":0,"units_offered":0,"units_sold":0,"target_net_yield_bps":0,"closes_at":""},"geometry":{"type":"Polygon","coordinates":[[[35.8780225,31.933975],[35.878753872203056,31.933975],[35.878753872203056,31.934531526276785],[35.8780225,31.934531526276785],[35.8780225,31.933975]]]}},{"type":"Feature","id":133,"properties":{"id":"P-133","dls_village":10,"dls_basin":21,"dls_plot":133,"neighbourhood_en":"Abdoun","neighbourhood_ar":"عبدون","type":"apartment","area_m2":1354,"admin_value_fils_m2":469368,"market_value_fils_m2":1298762,"height_m":14,"offering_id":"","spv_name":"","unit_price_fils":0,"units_offered":0,"units_sold":0,"target_net_yield_bps":0,"closes_at":""},"geometry":{"type":"Polygon","coordinates":[[[35.879,31.927175000000002],[35.879536305015186,31.927175000000002],[35.879536305015186,31.92769813670844],[35.879,31.92769813670844],[35.879,31.927175000000002]]]}},{"type":"Feature","id":134,"properties":{"id":"P-134","dls_village":10,"dls_basin":21,"dls_plot":134,"neighbourhood_en":"Abdoun","neighbourhood_ar":"عبدون","type":"apartment","area_m2":507,"admin_value_fils_m2":370708,"market_value_fils_m2":1181999,"height_m":10,"offering_id":"","spv_name":"","unit_price_fils":0,"units_offered":0,"units_sold":0,"target_net_yield_bps":0,"closes_at":""},"geometry":{"type":"Polygon","coordinates":[[[35.879,31.928025],[35.87956896871264,31.928025],[35.87956896871264,31.9287741427352],[35.879,31.9287741427352],[35.879,31.928025]]]}},{"type":"Feature","id":135,"properties":{"id":"P-135","dls_village":10,"dls_basin":21,"dls_plot":135,"neighbourhood_en":"Abdoun","neighbourhood_ar":"عبدون","type":"apartment","area_m2":426,"admin_value_fils_m2":424251,"market_value_fils_m2":1261238,"height_m":11,"offering_id":"","spv_name":"","unit_price_fils":0,"units_offered":0,"units_sold":0,"target_net_yield_bps":0,"closes_at":""},"geometry":{"type":"Polygon","coordinates":[[[35.879,31.929725],[35.87962940420978,31.929725],[35.87962940420978,31.93022002112705],[35.879,31.93022002112705],[35.879,31.929725]]]}},{"type":"Feature","id":136,"properties":{"id":"P-136","dls_village":10,"dls_basin":21,"dls_plot":136,"neighbourhood_en":"Abdoun","neighbourhood_ar":"عبدون","type":"apartment","area_m2":640,"admin_value_fils_m2":483818,"market_value_fils_m2":1325406,"height_m":11,"offering_id":"","spv_name":"","unit_price_fils":0,"units_offered":0,"units_sold":0,"target_net_yield_bps":0,"closes_at":""},"geometry":{"type":"Polygon","coordinates":[[[35.879,31.930575],[35.87970209580842,31.930575],[35.87970209580842,31.93123324049086],[35.879,31.93123324049086],[35.879,31.930575]]]}},{"type":"Feature","id":137,"properties":{"id":"P-137","dls_village":10,"dls_basin":21,"dls_plot":137,"neighbourhood_en":"Abdoun","neighbourhood_ar":"عبدون","type":"villa","area_m2":711,"admin_value_fils_m2":391344,"market_value_fils_m2":1574083,"height_m":15,"offering_id":"","spv_name":"","unit_price_fils":0,"units_offered":0,"units_sold":0,"target_net_yield_bps":0,"closes_at":""},"geometry":{"type":"Polygon","coordinates":[[[35.879,31.931425],[35.87950224164826,31.931425],[35.87950224164826,31.931957304719102],[35.879,31.931957304719102],[35.879,31.931425]]]}},{"type":"Feature","id":138,"properties":{"id":"P-138","dls_village":10,"dls_basin":21,"dls_plot":138,"neighbourhood_en":"Abdoun","neighbourhood_ar":"عبدون","type":"apartment","area_m2":1394,"admin_value_fils_m2":387677,"market_value_fils_m2":1300790,"height_m":15,"offering_id":"","spv_name":"","unit_price_fils":0,"units_offered":0,"units_sold":0,"target_net_yield_bps":0,"closes_at":""},"geometry":{"type":"Polygon","coordinates":[[[35.879,31.932275],[35.87965767998142,31.932275],[35.87965767998142,31.932808810986995],[35.879,31.932808810986995],[35.879,31.932275]]]}},{"type":"Feature","id":139,"properties":{"id":"P-139","dls_village":10,"dls_basin":21,"dls_plot":139,"neighbourhood_en":"Abdoun","neighbourhood_ar":"عبدون","type":"apartment","area_m2":1234,"admin_value_fils_m2":430632,"market_value_fils_m2":1568592,"height_m":13,"offering_id":"","spv_name":"","unit_price_fils":0,"units_offered":0,"units_sold":0,"target_net_yield_bps":0,"closes_at":""},"geometry":{"type":"Polygon","coordinates":[[[35.879,31.933125],[35.879486979144794,31.933125],[35.879486979144794,31.93385121970321],[35.879,31.93385121970321],[35.879,31.933125]]]}},{"type":"Feature","id":140,"properties":{"id":"P-140","dls_village":10,"dls_basin":21,"dls_plot":140,"neighbourhood_en":"Abdoun","neighbourhood_ar":"عبدون","type":"villa","area_m2":879,"admin_value_fils_m2":383821,"market_value_fils_m2":1375589,"height_m":10,"offering_id":"OFF-140","spv_name":"Qitaa Abdoun 140 LLC","unit_price_fils":10000,"units_offered":6400,"units_sold":1187,"target_net_yield_bps":539,"closes_at":"2026-10-14T11:19:54.479Z"},"geometry":{"type":"Polygon","coordinates":[[[35.879,31.933975],[35.8796042336597,31.933975],[35.8796042336597,31.93468264570002],[35.879,31.93468264570002],[35.879,31.933975]]]}},{"type":"Feature","id":141,"properties":{"id":"P-141","dls_village":10,"dls_basin":21,"dls_plot":141,"neighbourhood_en":"Abdoun","neighbourhood_ar":"عبدون","type":"apartment","area_m2":1023,"admin_value_fils_m2":480718,"market_value_fils_m2":1433109,"height_m":16,"offering_id":"","spv_name":"","unit_price_fils":0,"units_offered":0,"units_sold":0,"target_net_yield_bps":0,"closes_at":""},"geometry":{"type":"Polygon","coordinates":[[[35.879977499999995,31.927175000000002],[35.88068538821222,31.927175000000002],[35.88068538821222,31.92775668974389],[35.879977499999995,31.92775668974389],[35.879977499999995,31.927175000000002]]]}},{"type":"Feature","id":142,"properties":{"id":"P-142","dls_village":10,"dls_basin":21,"dls_plot":142,"neighbourhood_en":"Abdoun","neighbourhood_ar":"عبدون","type":"apartment","area_m2":1025,"admin_value_fils_m2":484074,"market_value_fils_m2":1324208,"height_m":16,"offering_id":"OFF-142","spv_name":"Qitaa Abdoun 142 LLC","unit_price_fils":10000,"units_offered":7600,"units_sold":6178,"target_net_yield_bps":525,"closes_at":"2026-09-26T15:44:07.440Z"},"geometry":{"type":"Polygon","coordinates":[[[35.879977499999995,31.928025],[35.88062828765155,31.928025],[35.88062828765155,31.928595923426446],[35.879977499999995,31.928595923426446],[35.879977499999995,31.928025]]]}},{"type":"Feature","id":143,"properties":{"id":"P-143","dls_village":10,"dls_basin":21,"dls_plot":143,"neighbourhood_en":"Abdoun","neighbourhood_ar":"عبدون","type":"villa","area_m2":1328,"admin_value_fils_m2":411597,"market_value_fils_m2":1132578,"height_m":14,"offering_id":"","spv_name":"","unit_price_fils":0,"units_offered":0,"units_sold":0,"target_net_yield_bps":0,"closes_at":""},"geometry":{"type":"Polygon","coordinates":[[[35.879977499999995,31.928875],[35.88066796086429,31.928875],[35.88066796086429,31.92953286991927],[35.879977499999995,31.92953286991927],[35.879977499999995,31.928875]]]}},{"type":"Feature","id":144,"properties":{"id":"P-144","dls_village":10,"dls_basin":21,"dls_plot":144,"neighbourhood_en":"Abdoun","neighbourhood_ar":"عبدون","type":"villa","area_m2":478,"admin_value_fils_m2":457801,"market_value_fils_m2":1498386,"height_m":11,"offering_id":"","spv_name":"","unit_price_fils":0,"units_offered":0,"units_sold":0,"target_net_yield_bps":0,"closes_at":""},"geometry":{"type":"Polygon","coordinates":[[[35.879977499999995,31.929725],[35.880473036383854,31.929725],[35.880473036383854,31.930484578934365],[35.879977499999995,31.930484578934365],[35.879977499999995,31.929725]]]}},{"type":"Feature","id":145,"properties":{"id":"P-145","dls_village":10,"dls_basin":21,"dls_plot":145,"neighbourhood_en":"Abdoun","neighbourhood_ar":"عبدون","type":"villa","area_m2":606,"admin_value_fils_m2":434563,"market_value_fils_m2":977505,"height_m":10,"offering_id":"OFF-145","spv_name":"Qitaa Abdoun 145 LLC","unit_price_fils":10000,"units_offered":6900,"units_sold":3006,"target_net_yield_bps":756,"closes_at":"2026-09-01T23:15:49.388Z"},"geometry":{"type":"Polygon","coordinates":[[[35.879977499999995,31.930575],[35.88054852180791,31.930575],[35.88054852180791,31.931072551790205],[35.879977499999995,31.931072551790205],[35.879977499999995,31.930575]]]}},{"type":"Feature","id":146,"properties":{"id":"P-146","dls_village":10,"dls_basin":21,"dls_plot":146,"neighbourhood_en":"Abdoun","neighbourhood_ar":"عبدون","type":"apartment","area_m2":723,"admin_value_fils_m2":400215,"market_value_fils_m2":1192581,"height_m":16,"offering_id":"","spv_name":"","unit_price_fils":0,"units_offered":0,"units_sold":0,"target_net_yield_bps":0,"closes_at":""},"geometry":{"type":"Polygon","coordinates":[[[35.879977499999995,31.931425],[35.880502460391156,31.931425],[35.880502460391156,31.93205282482588],[35.879977499999995,31.93205282482588],[35.879977499999995,31.931425]]]}},{"type":"Feature","id":147,"properties":{"id":"P-147","dls_village":10,"dls_basin":21,"dls_plot":147,"neighbourhood_en":"Abdoun","neighbourhood_ar":"عبدون","type":"apartment","area_m2":776,"admin_value_fils_m2":482504,"market_value_fils_m2":1496043,"height_m":15,"offering_id":"","spv_name":"","unit_price_fils":0,"units_offered":0,"units_sold":0,"target_net_yield_bps":0,"closes_at":""},"geometry":{"type":"Polygon","coordinates":[[[35.879977499999995,31.932275],[35.88070648136596,31.932275],[35.88070648136596,31.93288091579445],[35.879977499999995,31.93288091579445],[35.879977499999995,31.932275]]]}},{"type":"Feature","id":148,"properties":{"id":"P-148","dls_village":10,"dls_basin":21,"dls_plot":148,"neighbourhood_en":"Abdoun","neighbourhood_ar":"عبدون","type":"apartment","area_m2":992,"admin_value_fils_m2":404058,"market_value_fils_m2":1416222,"height_m":15,"offering_id":"","spv_name":"","unit_price_fils":0,"units_offered":0,"units_sold":0,"target_net_yield_bps":0,"closes_at":""},"geometry":{"type":"Polygon","coordinates":[[[35.879977499999995,31.933125],[35.88074184805804,31.933125],[35.88074184805804,31.933769036187435],[35.879977499999995,31.933769036187435],[35.879977499999995,31.933125]]]}},{"type":"Feature","id":149,"properties":{"id":"P-149","dls_village":10,"dls_basin":21,"dls_plot":149,"neighbourhood_en":"Abdoun","neighbourhood_ar":"عبدون","type":"apartment","area_m2":1363,"admin_value_fils_m2":463090,"market_value_fils_m2":1177783,"height_m":9,"offering_id":"OFF-149","spv_name":"Qitaa Abdoun 149 LLC","unit_price_fils":10000,"units_offered":7700,"units_sold":3067,"target_net_yield_bps":551,"closes_at":"2026-08-27T06:42:07.842Z"},"geometry":{"type":"Polygon","coordinates":[[[35.879977499999995,31.933975],[35.88058643319451,31.933975],[35.88058643319451,31.93471083001877],[35.879977499999995,31.93471083001877],[35.879977499999995,31.933975]]]}},{"type":"Feature","id":150,"properties":{"id":"P-150","dls_village":10,"dls_basin":21,"dls_plot":150,"neighbourhood_en":"Abdoun","neighbourhood_ar":"عبدون","type":"villa","area_m2":1287,"admin_value_fils_m2":439755,"market_value_fils_m2":1288242,"height_m":15,"offering_id":"","spv_name":"","unit_price_fils":0,"units_offered":0,"units_sold":0,"target_net_yield_bps":0,"closes_at":""},"geometry":{"type":"Polygon","coordinates":[[[35.880955,31.927175000000002],[35.88161389518848,31.927175000000002],[35.88161389518848,31.927748830686674],[35.880955,31.927748830686674],[35.880955,31.927175000000002]]]}},{"type":"Feature","id":151,"properties":{"id":"P-151","dls_village":10,"dls_basin":21,"dls_plot":151,"neighbourhood_en":"Abdoun","neighbourhood_ar":"عبدون","type":"villa","area_m2":1285,"admin_value_fils_m2":434790,"market_value_fils_m2":1550928,"height_m":13,"offering_id":"","spv_name":"","unit_price_fils":0,"units_offered":0,"units_sold":0,"target_net_yield_bps":0,"closes_at":""},"geometry":{"type":"Polygon","coordinates":[[[35.880955,31.928025],[35.88165979841251,31.928025],[35.88165979841251,31.928737811233308],[35.880955,31.928737811233308],[35.880955,31.928025]]]}},{"type":"Feature","id":152,"properties":{"id":"P-152","dls_village":10,"dls_basin":21,"dls_plot":152,"neighbourhood_en":"Abdoun","neighbourhood_ar":"عبدون","type":"villa","area_m2":1200,"admin_value_fils_m2":486054,"market_value_fils_m2":1523382,"height_m":11,"offering_id":"","spv_name":"","unit_price_fils":0,"units_offered":0,"units_sold":0,"target_net_yield_bps":0,"closes_at":""},"geometry":{"type":"Polygon","coordinates":[[[35.880955,31.928875],[35.88155872750022,31.928875],[35.88155872750022,31.92958753847783],[35.880955,31.92958753847783],[35.880955,31.928875]]]}},{"type":"Feature","id":153,"properties":{"id":"P-153","dls_village":10,"dls_basin":21,"dls_plot":153,"neighbourhood_en":"Abdoun","neighbourhood_ar":"عبدون","type":"apartment","area_m2":1295,"admin_value_fils_m2":406787,"market_value_fils_m2":1080074,"height_m":15,"offering_id":"","spv_name":"","unit_price_fils":0,"units_offered":0,"units_sold":0,"target_net_yield_bps":0,"closes_at":""},"geometry":{"type":"Polygon","coordinates":[[[35.880955,31.929725],[35.881595270945844,31.929725],[35.881595270945844,31.93047136451296],[35.880955,31.93047136451296],[35.880955,31.929725]]]}},{"type":"Feature","id":154,"properties":{"id":"P-154","dls_village":10,"dls_basin":21,"dls_plot":154,"neighbourhood_en":"Abdoun","neighbourhood_ar":"عبدون","type":"apartment","area_m2":522,"admin_value_fils_m2":457149,"market_value_fils_m2":1042988,"height_m":13,"offering_id":"","spv_name":"","unit_price_fils":0,"units_offered":0,"units_sold":0,"target_net_yield_bps":0,"closes_at":""},"geometry":{"type":"Polygon","coordinates":[[[35.880955,31.930575],[35.881533826970674,31.930575],[35.881533826970674,31.931136097143636],[35.880955,31.931136097143636],[35.880955,31.930575]]]}},{"type":"Feature","id":155,"properties":{"id":"P-155","dls_village":10,"dls_basin":21,"dls_plot":155,"neighbourhood_en":"Abdoun","neighbourhood_ar":"عبدون","type":"villa","area_m2":1257,"admin_value_fils_m2":434130,"market_value_fils_m2":999226,"height_m":16,"offering_id":"","spv_name":"","unit_price_fils":0,"units_offered":0,"units_sold":0,"target_net_yield_bps":0,"closes_at":""},"geometry":{"type":"Polygon","coordinates":[[[35.880955,31.931425],[35.8815881891659,31.931425],[35.8815881891659,31.93191660591935],[35.880955,31.93191660591935],[35.880955,31.931425]]]}},{"type":"Feature","id":156,"properties":{"id":"P-156","dls_village":10,"dls_basin":21,"dls_plot":156,"neighbourhood_en":"Abdoun","neighbourhood_ar":"عبدون","type":"apartment","area_m2":544,"admin_value_fils_m2":472463,"market_value_fils_m2":1433040,"height_m":12,"offering_id":"OFF-156","spv_name":"Qitaa Abdoun 156 LLC","unit_price_fils":10000,"units_offered":4800,"units_sold":311,"target_net_yield_bps":736,"closes_at":"2026-08-26T15:21:40.109Z"},"geometry":{"type":"Polygon","coordinates":[[[35.880955,31.932275],[35.88144532979014,31.932275],[35.88144532979014,31.933001657834208],[35.880955,31.933001657834208],[35.880955,31.932275]]]}},{"type":"Feature","id":157,"properties":{"id":"P-157","dls_village":10,"dls_basin":21,"dls_plot":157,"neighbourhood_en":"Abdoun","neighbourhood_ar":"عبدون","type":"apartment","area_m2":469,"admin_value_fils_m2":370649,"market_value_fils_m2":1388021,"height_m":16,"offering_id":"","spv_name":"","unit_price_fils":0,"units_offered":0,"units_sold":0,"target_net_yield_bps":0,"closes_at":""},"geometry":{"type":"Polygon","coordinates":[[[35.880955,31.933125],[35.88148394730027,31.933125],[35.88148394730027,31.93373020743802],[35.880955,31.93373020743802],[35.880955,31.933125]]]}},{"type":"Feature","id":158,"properties":{"id":"P-158","dls_village":10,"dls_basin":21,"dls_plot":158,"neighbourhood_en":"Abdoun","neighbourhood_ar":"عبدون","type":"villa","area_m2":1163,"admin_value_fils_m2":466005,"market_value_fils_m2":980183,"height_m":13,"offering_id":"","spv_name":"","unit_price_fils":0,"units_offered":0,"units_sold":0,"target_net_yield_bps":0,"closes_at":""},"geometry":{"type":"Polygon","coordinates":[[[35.880955,31.933975],[35.8814690741704,31.933975],[35.8814690741704,31.93464370895271],[35.880955,31.93464370895271],[35.880955,31.933975]]]}},{"type":"Feature","id":159,"properties":{"id":"P-159","dls_village":10,"dls_basin":21,"dls_plot":159,"neighbourhood_en":"Abdoun","neighbourhood_ar":"عبدون","type":"apartment","area_m2":576,"admin_value_fils_m2":401035,"market_value_fils_m2":1532452,"height_m":15,"offering_id":"","spv_name":"","unit_price_fils":0,"units_offered":0,"units_sold":0,"target_net_yield_bps":0,"closes_at":""},"geometry":{"type":"Polygon","coordinates":[[[35.8819325,31.927175000000002],[35.88244371449536,31.927175000000002],[35.88244371449536,31.927843124230886],[35.8819325,31.927843124230886],[35.8819325,31.927175000000002]]]}},{"type":"Feature","id":160,"properties":{"id":"P-160","dls_village":10,"dls_basin":21,"dls_plot":160,"neighbourhood_en":"Abdoun","neighbourhood_ar":"عبدون","type":"apartment","area_m2":850,"admin_value_fils_m2":394275,"market_value_fils_m2":1543833,"height_m":15,"offering_id":"","spv_name":"","unit_price_fils":0,"units_offered":0,"units_sold":0,"target_net_yield_bps":0,"closes_at":""},"geometry":{"type":"Polygon","coordinates":[[[35.8819325,31.928025],[35.88267145553206,31.928025],[35.88267145553206,31.928594733951574],[35.8819325,31.928594733951574],[35.8819325,31.928025]]]}},{"type":"Feature","id":161,"properties":{"id":"P-161","dls_village":10,"dls_basin":21,"dls_plot":161,"neighbourhood_en":"Abdoun","neighbourhood_ar":"عبدون","type":"apartment","area_m2":489,"admin_value_fils_m2":442081,"market_value_fils_m2":1055428,"height_m":10,"offering_id":"","spv_name":"","unit_price_fils":0,"units_offered":0,"units_sold":0,"target_net_yield_bps":0,"closes_at":""},"geometry":{"type":"Polygon","coordinates":[[[35.8819325,31.928875],[35.88250443643717,31.928875],[35.88250443643717,31.929488318015018],[35.8819325,31.929488318015018],[35.8819325,31.928875]]]}},{"type":"Feature","id":162,"properties":{"id":"P-162","dls_village":10,"dls_basin":21,"dls_plot":162,"neighbourhood_en":"Abdoun","neighbourhood_ar":"عبدون","type":"villa","area_m2":972,"admin_value_fils_m2":415080,"market_value_fils_m2":1079462,"height_m":16,"offering_id":"","spv_name":"","unit_price_fils":0,"units_offered":0,"units_sold":0,"target_net_yield_bps":0,"closes_at":""},"geometry":{"type":"Polygon","coordinates":[[[35.8819325,31.929725],[35.88254658146629,31.929725],[35.88254658146629,31.93040042004137],[35.8819325,31.93040042004137],[35.8819325,31.929725]]]}},{"type":"Feature","id":163,"properties":{"id":"P-163","dls_village":10,"dls_basin":21,"dls_plot":163,"neighbourhood_en":"Abdoun","neighbourhood_ar":"عبدون","type":"villa","area_m2":781,"admin_value_fils_m2":420416,"market_value_fils_m2":1466076,"height_m":11,"offering_id":"","spv_name":"","unit_price_fils":0,"units_offered":0,"units_sold":0,"target_net_yield_bps":0,"closes_at":""},"geometry":{"type":"Polygon","coordinates":[[[35.8819325,31.930575],[35.882690175877826,31.930575],[35.882690175877826,31.931180774062707],[35.8819325,31.931180774062707],[35.8819325,31.930575]]]}},{"type":"Feature","id":164,"properties":{"id":"P-164","dls_village":10,"dls_basin":21,"dls_plot":164,"neighbourhood_en":"Abdoun","neighbourhood_ar":"عبدون","type":"villa","area_m2":798,"admin_value_fils_m2":397559,"market_value_fils_m2":1201209,"height_m":12,"offering_id":"OFF-164","spv_name":"Qitaa Abdoun 164 LLC","unit_price_fils":10000,"units_offered":5200,"units_sold":2164,"target_net_yield_bps":754,"closes_at":"2026-10-22T19:22:51.372Z"},"geometry":{"type":"Polygon","coordinates":[[[35.8819325,31.931425],[35.882525839168096,31.931425],[35.882525839168096,31.93209150980239],[35.8819325,31.93209150980239],[35.8819325,31.931425]]]}},{"type":"Feature","id":165,"properties":{"id":"P-165","dls_village":10,"dls_basin":21,"dls_plot":165,"neighbourhood_en":"Abdoun","neighbourhood_ar":"عبدون","type":"apartment","area_m2":796,"admin_value_fils_m2":403053,"market_value_fils_m2":1528830,"height_m":10,"offering_id":"","spv_name":"","unit_price_fils":0,"units_offered":0,"units_sold":0,"target_net_yield_bps":0,"closes_at":""},"geometry":{"type":"Polygon","coordinates":[[[35.8819325,31.933125],[35.8825960089724,31.933125],[35.8825960089724,31.933792516050083],[35.8819325,31.933792516050083],[35.8819325,31.933125]]]}},{"type":"Feature","id":166,"properties":{"id":"P-166","dls_village":10,"dls_basin":21,"dls_plot":166,"neighbourhood_en":"Abdoun","neighbourhood_ar":"عبدون","type":"villa","area_m2":1037,"admin_value_fils_m2":402797,"market_value_fils_m2":1240935,"height_m":13,"offering_id":"OFF-166","spv_name":"Qitaa Abdoun 166 LLC","unit_price_fils":10000,"units_offered":9300,"units_sold":1859,"target_net_yield_bps":507,"closes_at":"2026-08-14T15:13:09.033Z"},"geometry":{"type":"Polygon","coordinates":[[[35.8819325,31.933975],[35.88242644099281,31.933975],[35.88242644099281,31.93465129010811],[35.8819325,31.93465129010811],[35.8819325,31.933975]]]}},{"type":"Feature","id":167,"properties":{"id":"P-167","dls_village":3,"dls_basin":7,"dls_plot":167,"neighbourhood_en":"Jabal Amman","neighbourhood_ar":"جبل عمان","type":"building","area_m2":1237,"admin_value_fils_m2":331180,"market_value_fils_m2":810271,"height_m":14,"offering_id":"","spv_name":"","unit_price_fils":0,"units_offered":0,"units_sold":0,"target_net_yield_bps":0,"closes_at":""},"geometry":{"type":"Polygon","coordinates":[[[35.92109,31.946175],[35.92175988252385,31.946175],[35.92175988252385,31.946928247382818],[35.92109,31.946928247382818],[35.92109,31.946175]]]}},{"type":"Feature","id":168,"properties":{"id":"P-168","dls_village":3,"dls_basin":7,"dls_plot":168,"neighbourhood_en":"Jabal Amman","neighbourhood_ar":"جبل عمان","type":"apartment","area_m2":1203,"admin_value_fils_m2":293892,"market_value_fils_m2":721022,"height_m":18,"offering_id":"OFF-168","spv_name":"Qitaa Jabal Amman 168 LLC","unit_price_fils":10000,"units_offered":10900,"units_sold":1276,"target_net_yield_bps":664,"closes_at":"2026-10-03T16:49:42.603Z"},"geometry":{"type":"Polygon","coordinates":[[[35.92109,31.947025],[35.92172905279549,31.947025],[35.92172905279549,31.94759215118756],[35.92109,31.94759215118756],[35.92109,31.947025]]]}},{"type":"Feature","id":169,"properties":{"id":"P-169","dls_village":3,"dls_basin":7,"dls_plot":169,"neighbourhood_en":"Jabal Amman","neighbourhood_ar":"جبل عمان","type":"apartment","area_m2":974,"admin_value_fils_m2":308115,"market_value_fils_m2":883309,"height_m":20,"offering_id":"","spv_name":"","unit_price_fils":0,"units_offered":0,"units_sold":0,"target_net_yield_bps":0,"closes_at":""},"geometry":{"type":"Polygon","coordinates":[[[35.92109,31.948725],[35.9217070299557,31.948725],[35.9217070299557,31.949377237373923],[35.92109,31.949377237373923],[35.92109,31.948725]]]}},{"type":"Feature","id":170,"properties":{"id":"P-170","dls_village":3,"dls_basin":7,"dls_plot":170,"neighbourhood_en":"Jabal Amman","neighbourhood_ar":"جبل عمان","type":"building","area_m2":344,"admin_value_fils_m2":270733,"market_value_fils_m2":715682,"height_m":11,"offering_id":"","spv_name":"","unit_price_fils":0,"units_offered":0,"units_sold":0,"target_net_yield_bps":0,"closes_at":""},"geometry":{"type":"Polygon","coordinates":[[[35.92109,31.949575],[35.92177340848395,31.949575],[35.92177340848395,31.950124474502598],[35.92109,31.950124474502598],[35.92109,31.949575]]]}},{"type":"Feature","id":171,"properties":{"id":"P-171","dls_village":3,"dls_basin":7,"dls_plot":171,"neighbourhood_en":"Jabal Amman","neighbourhood_ar":"جبل عمان","type":"apartment","area_m2":832,"admin_value_fils_m2":286806,"market_value_fils_m2":619952,"height_m":20,"offering_id":"","spv_name":"","unit_price_fils":0,"units_offered":0,"units_sold":0,"target_net_yield_bps":0,"closes_at":""},"geometry":{"type":"Polygon","coordinates":[[[35.92109,31.950425],[35.921593341501875,31.950425],[35.921593341501875,31.951173642524587],[35.92109,31.951173642524587],[35.92109,31.950425]]]}},{"type":"Feature","id":172,"properties":{"id":"P-172","dls_village":3,"dls_basin":7,"dls_plot":172,"neighbourhood_en":"Jabal Amman","neighbourhood_ar":"جبل عمان","type":"building","area_m2":939,"admin_value_fils_m2":272564,"market_value_fils_m2":853974,"height_m":11,"offering_id":"","spv_name":"","unit_price_fils":0,"units_offered":0,"units_sold":0,"target_net_yield_bps":0,"closes_at":""},"geometry":{"type":"Polygon","coordinates":[[[35.92109,31.951275],[35.92184972864782,31.951275],[35.92184972864782,31.951980249123867],[35.92109,31.951980249123867],[35.92109,31.951275]]]}},{"type":"Feature","id":173,"properties":{"id":"P-173","dls_village":3,"dls_basin":7,"dls_plot":173,"neighbourhood_en":"Jabal Amman","neighbourhood_ar":"جبل عمان","type":"apartment","area_m2":1013,"admin_value_fils_m2":339749,"market_value_fils_m2":796468,"height_m":13,"offering_id":"","spv_name":"","unit_price_fils":0,"units_offered":0,"units_sold":0,"target_net_yield_bps":0,"closes_at":""},"geometry":{"type":"Polygon","coordinates":[[[35.92109,31.952125],[35.92181716783891,31.952125],[35.92181716783891,31.952802296173562],[35.92109,31.952802296173562],[35.92109,31.952125]]]}},{"type":"Feature","id":174,"properties":{"id":"P-174","dls_village":3,"dls_basin":7,"dls_plot":174,"neighbourhood_en":"Jabal Amman","neighbourhood_ar":"جبل عمان","type":"building","area_m2":862,"admin_value_fils_m2":276039,"market_value_fils_m2":844437,"height_m":18,"offering_id":"","spv_name":"","unit_price_fils":0,"units_offered":0,"units_sold":0,"target_net_yield_bps":0,"closes_at":""},"geometry":{"type":"Polygon","coordinates":[[[35.92109,31.952975],[35.921835337682055,31.952975],[35.921835337682055,31.953662954692255],[35.92109,31.953662954692255],[35.92109,31.952975]]]}},{"type":"Feature","id":175,"properties":{"id":"P-175","dls_village":3,"dls_basin":7,"dls_plot":175,"neighbourhood_en":"Jabal Amman","neighbourhood_ar":"جبل عمان","type":"apartment","area_m2":487,"admin_value_fils_m2":281760,"market_value_fils_m2":929903,"height_m":10,"offering_id":"OFF-175","spv_name":"Qitaa Jabal Amman 175 LLC","unit_price_fils":10000,"units_offered":11300,"units_sold":9028,"target_net_yield_bps":604,"closes_at":"2026-08-14T18:05:47.539Z"},"geometry":{"type":"Polygon","coordinates":[[[35.9220675,31.946175],[35.92261384133362,31.946175],[35.92261384133362,31.946883586289275],[35.9220675,31.946883586289275],[35.9220675,31.946175]]]}},{"type":"Feature","id":176,"properties":{"id":"P-176","dls_village":3,"dls_basin":7,"dls_plot":176,"neighbourhood_en":"Jabal Amman","neighbourhood_ar":"جبل عمان","type":"apartment","area_m2":795,"admin_value_fils_m2":295179,"market_value_fils_m2":748167,"height_m":14,"offering_id":"","spv_name":"","unit_price_fils":0,"units_offered":0,"units_sold":0,"target_net_yield_bps":0,"closes_at":""},"geometry":{"type":"Polygon","coordinates":[[[35.9220675,31.947025],[35.92278224518408,31.947025],[35.92278224518408,31.947620264045643],[35.9220675,31.947620264045643],[35.9220675,31.947025]]]}},{"type":"Feature","id":177,"properties":{"id":"P-177","dls_village":3,"dls_basin":7,"dls_plot":177,"neighbourhood_en":"Jabal Amman","neighbourhood_ar":"جبل عمان","type":"apartment","area_m2":644,"admin_value_fils_m2":262425,"market_value_fils_m2":997131,"height_m":11,"offering_id":"","spv_name":"","unit_price_fils":0,"units_offered":0,"units_sold":0,"target_net_yield_bps":0,"closes_at":""},"geometry":{"type":"Polygon","coordinates":[[[35.9220675,31.947875],[35.92266857255793,31.947875],[35.92266857255793,31.948434729345628],[35.9220675,31.948434729345628],[35.9220675,31.947875]]]}},{"type":"Feature","id":178,"properties":{"id":"P-178","dls_village":3,"dls_basin":7,"dls_plot":178,"neighbourhood_en":"Jabal Amman","neighbourhood_ar":"جبل عمان","type":"building","area_m2":1186,"admin_value_fils_m2":273517,"market_value_fils_m2":835283,"height_m":15,"offering_id":"OFF-178","spv_name":"Qitaa Jabal Amman 178 LLC","unit_price_fils":10000,"units_offered":11900,"units_sold":7835,"target_net_yield_bps":726,"closes_at":"2026-09-26T22:50:54.305Z"},"geometry":{"type":"Polygon","coordinates":[[[35.9220675,31.948725],[35.92277335546036,31.948725],[35.92277335546036,31.949207888189274],[35.9220675,31.949207888189274],[35.9220675,31.948725]]]}},{"type":"Feature","id":179,"properties":{"id":"P-179","dls_village":3,"dls_basin":7,"dls_plot":179,"neighbourhood_en":"Jabal Amman","neighbourhood_ar":"جبل عمان","type":"building","area_m2":761,"admin_value_fils_m2":259960,"market_value_fils_m2":867214,"height_m":12,"offering_id":"OFF-179","spv_name":"Qitaa Jabal Amman 179 LLC","unit_price_fils":10000,"units_offered":9500,"units_sold":2006,"target_net_yield_bps":534,"closes_at":"2026-10-03T04:24:35.519Z"},"geometry":{"type":"Polygon","coordinates":[[[35.9220675,31.949575],[35.92255271417322,31.949575],[35.92255271417322,31.950274421613475],[35.9220675,31.950274421613475],[35.9220675,31.949575]]]}},{"type":"Feature","id":180,"properties":{"id":"P-180","dls_village":3,"dls_basin":7,"dls_plot":180,"neighbourhood_en":"Jabal Amman","neighbourhood_ar":"جبل عمان","type":"apartment","area_m2":933,"admin_value_fils_m2":280812,"market_value_fils_m2":857462,"height_m":11,"offering_id":"","spv_name":"","unit_price_fils":0,"units_offered":0,"units_sold":0,"target_net_yield_bps":0,"closes_at":""},"geometry":{"type":"Polygon","coordinates":[[[35.9220675,31.950425],[35.922561154582425,31.950425],[35.922561154582425,31.95095904665513],[35.9220675,31.95095904665513],[35.9220675,31.950425]]]}},{"type":"Feature","id":181,"properties":{"id":"P-181","dls_village":3,"dls_basin":7,"dls_plot":181,"neighbourhood_en":"Jabal Amman","neighbourhood_ar":"جبل عمان","type":"apartment","area_m2":1079,"admin_value_fils_m2":270189,"market_value_fils_m2":893412,"height_m":17,"offering_id":"","spv_name":"","unit_price_fils":0,"units_offered":0,"units_sold":0,"target_net_yield_bps":0,"closes_at":""},"geometry":{"type":"Polygon","coordinates":[[[35.9220675,31.951275],[35.92257734376784,31.951275],[35.92257734376784,31.95186039517665],[35.9220675,31.95186039517665],[35.9220675,31.951275]]]}},{"type":"Feature","id":182,"properties":{"id":"P-182","dls_village":3,"dls_basin":7,"dls_plot":182,"neighbourhood_en":"Jabal Amman","neighbourhood_ar":"جبل عمان","type":"building","area_m2":1384,"admin_value_fils_m2":321330,"market_value_fils_m2":749247,"height_m":20,"offering_id":"","spv_name":"","unit_price_fils":0,"units_offered":0,"units_sold":0,"target_net_yield_bps":0,"closes_at":""},"geometry":{"type":"Polygon","coordinates":[[[35.9220675,31.952125],[35.92259866933824,31.952125],[35.92259866933824,31.952847972388682],[35.9220675,31.952847972388682],[35.9220675,31.952125]]]}},{"type":"Feature","id":183,"properties":{"id":"P-183","dls_village":3,"dls_basin":7,"dls_plot":183,"neighbourhood_en":"Jabal Amman","neighbourhood_ar":"جبل عمان","type":"building","area_m2":1179,"admin_value_fils_m2":268542,"market_value_fils_m2":959874,"height_m":13,"offering_id":"","spv_name":"","unit_price_fils":0,"units_offered":0,"units_sold":0,"target_net_yield_bps":0,"closes_at":""},"geometry":{"type":"Polygon","coordinates":[[[35.9220675,31.952975],[35.92266370884391,31.952975],[35.92266370884391,31.953628653304264],[35.9220675,31.953628653304264],[35.9220675,31.952975]]]}},{"type":"Feature","id":184,"properties":{"id":"P-184","dls_village":3,"dls_basin":7,"dls_plot":184,"neighbourhood_en":"Jabal Amman","neighbourhood_ar":"جبل عمان","type":"apartment","area_m2":1364,"admin_value_fils_m2":302764,"market_value_fils_m2":635311,"height_m":15,"offering_id":"","spv_name":"","unit_price_fils":0,"units_offered":0,"units_sold":0,"target_net_yield_bps":0,"closes_at":""},"geometry":{"type":"Polygon","coordinates":[[[35.923044999999995,31.946175],[35.92364738475612,31.946175],[35.92364738475612,31.946676428562174],[35.923044999999995,31.946676428562174],[35.923044999999995,31.946175]]]}},{"type":"Feature","id":185,"properties":{"id":"P-185","dls_village":3,"dls_basin":7,"dls_plot":185,"neighbourhood_en":"Jabal Amman","neighbourhood_ar":"جبل عمان","type":"apartment","area_m2":572,"admin_value_fils_m2":262326,"market_value_fils_m2":691940,"height_m":14,"offering_id":"","spv_name":"","unit_price_fils":0,"units_offered":0,"units_sold":0,"target_net_yield_bps":0,"closes_at":""},"geometry":{"type":"Polygon","coordinates":[[[35.923044999999995,31.947875],[35.923642893924104,31.947875],[35.923642893924104,31.9485567586229],[35.923044999999995,31.9485567586229],[35.923044999999995,31.947875]]]}},{"type":"Feature","id":186,"properties":{"id":"P-186","dls_village":3,"dls_basin":7,"dls_plot":186,"neighbourhood_en":"Jabal Amman","neighbourhood_ar":"جبل عمان","type":"building","area_m2":1339,"admin_value_fils_m2":295616,"market_value_fils_m2":657087,"height_m":17,"offering_id":"OFF-186","spv_name":"Qitaa Jabal Amman 186 LLC","unit_price_fils":10000,"units_offered":9000,"units_sold":3197,"target_net_yield_bps":583,"closes_at":"2026-09-25T23:16:50.807Z"},"geometry":{"type":"Polygon","coordinates":[[[35.923044999999995,31.948725],[35.92373690751938,31.948725],[35.92373690751938,31.949411429670988],[35.923044999999995,31.949411429670988],[35.923044999999995,31.948725]]]}},{"type":"Feature","id":187,"properties":{"id":"P-187","dls_village":3,"dls_basin":7,"dls_plot":187,"neighbourhood_en":"Jabal Amman","neighbourhood_ar":"جبل عمان","type":"building","area_m2":1250,"admin_value_fils_m2":284431,"market_value_fils_m2":729829,"height_m":11,"offering_id":"","spv_name":"","unit_price_fils":0,"units_offered":0,"units_sold":0,"target_net_yield_bps":0,"closes_at":""},"geometry":{"type":"Polygon","coordinates":[[[35.923044999999995,31.949575],[35.92358591656185,31.949575],[35.92358591656185,31.950335349208316],[35.923044999999995,31.950335349208316],[35.923044999999995,31.949575]]]}},{"type":"Feature","id":188,"properties":{"id":"P-188","dls_village":3,"dls_basin":7,"dls_plot":188,"neighbourhood_en":"Jabal Amman","neighbourhood_ar":"جبل عمان","type":"apartment","area_m2":531,"admin_value_fils_m2":261206,"market_value_fils_m2":638748,"height_m":13,"offering_id":"","spv_name":"","unit_price_fils":0,"units_offered":0,"units_sold":0,"target_net_yield_bps":0,"closes_at":""},"geometry":{"type":"Polygon","coordinates":[[[35.923044999999995,31.950425],[35.923543265578274,31.950425],[35.923543265578274,31.951171918627104],[35.923044999999995,31.951171918627104],[35.923044999999995,31.950425]]]}},{"type":"Feature","id":189,"properties":{"id":"P-189","dls_village":3,"dls_basin":7,"dls_plot":189,"neighbourhood_en":"Jabal Amman","neighbourhood_ar":"جبل عمان","type":"building","area_m2":994,"admin_value_fils_m2":281226,"market_value_fils_m2":730448,"height_m":10,"offering_id":"","spv_name":"","unit_price_fils":0,"units_offered":0,"units_sold":0,"target_net_yield_bps":0,"closes_at":""},"geometry":{"type":"Polygon","coordinates":[[[35.923044999999995,31.952975],[35.9235417706562,31.952975],[35.9235417706562,31.953676748712283],[35.923044999999995,31.953676748712283],[35.923044999999995,31.952975]]]}},{"type":"Feature","id":190,"properties":{"id":"P-190","dls_village":3,"dls_basin":7,"dls_plot":190,"neighbourhood_en":"Jabal Amman","neighbourhood_ar":"جبل عمان","type":"apartment","area_m2":394,"admin_value_fils_m2":334905,"market_value_fils_m2":652725,"height_m":21,"offering_id":"","spv_name":"","unit_price_fils":0,"units_offered":0,"units_sold":0,"target_net_yield_bps":0,"closes_at":""},"geometry":{"type":"Polygon","coordinates":[[[35.9240225,31.946175],[35.92460181482223,31.946175],[35.92460181482223,31.946899710013454],[35.9240225,31.946899710013454],[35.9240225,31.946175]]]}},{"type":"Feature","id":191,"properties":{"id":"P-191","dls_village":3,"dls_basin":7,"dls_plot":191,"neighbourhood_en":"Jabal Amman","neighbourhood_ar":"جبل عمان","type":"building","area_m2":499,"admin_value_fils_m2":261000,"market_value_fils_m2":721676,"height_m":16,"offering_id":"","spv_name":"","unit_price_fils":0,"units_offered":0,"units_sold":0,"target_net_yield_bps":0,"closes_at":""},"geometry":{"type":"Polygon","coordinates":[[[35.9240225,31.947025],[35.92478663350273,31.947025],[35.92478663350273,31.94753636060527],[35.9240225,31.94753636060527],[35.9240225,31.947025]]]}},{"type":"Feature","id":192,"properties":{"id":"P-192","dls_village":3,"dls_basin":7,"dls_plot":192,"neighbourhood_en":"Jabal Amman","neighbourhood_ar":"جبل عمان","type":"apartment","area_m2":494,"admin_value_fils_m2":299729,"market_value_fils_m2":814093,"height_m":21,"offering_id":"","spv_name":"","unit_price_fils":0,"units_offered":0,"units_sold":0,"target_net_yield_bps":0,"closes_at":""},"geometry":{"type":"Polygon","coordinates":[[[35.9240225,31.947875],[35.92461552859222,31.947875],[35.92461552859222,31.94863519412451],[35.9240225,31.94863519412451],[35.9240225,31.947875]]]}},{"type":"Feature","id":193,"properties":{"id":"P-193","dls_village":3,"dls_basin":7,"dls_plot":193,"neighbourhood_en":"Jabal Amman","neighbourhood_ar":"جبل عمان","type":"building","area_m2":1348,"admin_value_fils_m2":322500,"market_value_fils_m2":611472,"height_m":17,"offering_id":"","spv_name":"","unit_price_fils":0,"units_offered":0,"units_sold":0,"target_net_yield_bps":0,"closes_at":""},"geometry":{"type":"Polygon","coordinates":[[[35.9240225,31.948725],[35.92466315882334,31.948725],[35.92466315882334,31.949230654443664],[35.9240225,31.949230654443664],[35.9240225,31.948725]]]}},{"type":"Feature","id":194,"properties":{"id":"P-194","dls_village":3,"dls_basin":7,"dls_plot":194,"neighbourhood_en":"Jabal Amman","neighbourhood_ar":"جبل عمان","type":"building","area_m2":1252,"admin_value_fils_m2":309788,"market_value_fils_m2":828322,"height_m":13,"offering_id":"","spv_name":"","unit_price_fils":0,"units_offered":0,"units_sold":0,"target_net_yield_bps":0,"closes_at":""},"geometry":{"type":"Polygon","coordinates":[[[35.9240225,31.949575],[35.92470248499447,31.949575],[35.92470248499447,31.95025314482146],[35.9240225,31.95025314482146],[35.9240225,31.949575]]]}},{"type":"Feature","id":195,"properties":{"id":"P-195","dls_village":3,"dls_basin":7,"dls_plot":195,"neighbourhood_en":"Jabal Amman","neighbourhood_ar":"جبل عمان","type":"building","area_m2":543,"admin_value_fils_m2":314410,"market_value_fils_m2":909163,"height_m":19,"offering_id":"","spv_name":"","unit_price_fils":0,"units_offered":0,"units_sold":0,"target_net_yield_bps":0,"closes_at":""},"geometry":{"type":"Polygon","coordinates":[[[35.9240225,31.950425],[35.924679274149646,31.950425],[35.924679274149646,31.950909166714922],[35.9240225,31.950909166714922],[35.9240225,31.950425]]]}},{"type":"Feature","id":196,"properties":{"id":"P-196","dls_village":3,"dls_basin":7,"dls_plot":196,"neighbourhood_en":"Jabal Amman","neighbourhood_ar":"جبل عمان","type":"building","area_m2":360,"admin_value_fils_m2":327779,"market_value_fils_m2":910311,"height_m":16,"offering_id":"OFF-196","spv_name":"Qitaa Jabal Amman 196 LLC","unit_price_fils":10000,"units_offered":8400,"units_sold":8022,"target_net_yield_bps":781,"closes_at":"2026-10-26T12:41:49.608Z"},"geometry":{"type":"Polygon","coordinates":[[[35.9240225,31.951275],[35.924728576224084,31.951275],[35.924728576224084,31.951812120174374],[35.9240225,31.951812120174374],[35.9240225,31.951275]]]}},{"type":"Feature","id":197,"properties":{"id":"P-197","dls_village":3,"dls_basin":7,"dls_plot":197,"neighbourhood_en":"Jabal Amman","neighbourhood_ar":"جبل عمان","type":"building","area_m2":1098,"admin_value_fils_m2":308580,"market_value_fils_m2":809354,"height_m":13,"offering_id":"","spv_name":"","unit_price_fils":0,"units_offered":0,"units_sold":0,"target_net_yield_bps":0,"closes_at":""},"geometry":{"type":"Polygon","coordinates":[[[35.9240225,31.952975],[35.924784561389686,31.952975],[35.924784561389686,31.95361739510911],[35.9240225,31.95361739510911],[35.9240225,31.952975]]]}},{"type":"Feature","id":198,"properties":{"id":"P-198","dls_village":3,"dls_basin":7,"dls_plot":198,"neighbourhood_en":"Jabal Amman","neighbourhood_ar":"جبل عمان","type":"building","area_m2":437,"admin_value_fils_m2":335428,"market_value_fils_m2":795815,"height_m":15,"offering_id":"","spv_name":"","unit_price_fils":0,"units_offered":0,"units_sold":0,"target_net_yield_bps":0,"closes_at":""},"geometry":{"type":"Polygon","coordinates":[[[35.925,31.946175],[35.925559109582466,31.946175],[35.925559109582466,31.946850485725296],[35.925,31.946850485725296],[35.925,31.946175]]]}},{"type":"Feature","id":199,"properties":{"id":"P-199","dls_village":3,"dls_basin":7,"dls_plot":199,"neighbourhood_en":"Jabal Amman","neighbourhood_ar":"جبل عمان","type":"apartment","area_m2":1235,"admin_value_fils_m2":302045,"market_value_fils_m2":995152,"height_m":20,"offering_id":"OFF-199","spv_name":"Qitaa Jabal Amman 199 LLC","unit_price_fils":10000,"units_offered":9400,"units_sold":3036,"target_net_yield_bps":777,"closes_at":"2026-08-29T00:43:28.198Z"},"geometry":{"type":"Polygon","coordinates":[[[35.925,31.947025],[35.925549296152795,31.947025],[35.925549296152795,31.947536460100835],[35.925,31.947536460100835],[35.925,31.947025]]]}},{"type":"Feature","id":200,"properties":{"id":"P-200","dls_village":3,"dls_basin":7,"dls_plot":200,"neighbourhood_en":"Jabal Amman","neighbourhood_ar":"جبل عمان","type":"building","area_m2":468,"admin_value_fils_m2":279900,"market_value_fils_m2":811615,"height_m":16,"offering_id":"","spv_name":"","unit_price_fils":0,"units_offered":0,"units_sold":0,"target_net_yield_bps":0,"closes_at":""},"geometry":{"type":"Polygon","coordinates":[[[35.925,31.947875],[35.925762693079115,31.947875],[35.925762693079115,31.948615251106563],[35.925,31.948615251106563],[35.925,31.947875]]]}},{"type":"Feature","id":201,"properties":{"id":"P-201","dls_village":3,"dls_basin":7,"dls_plot":201,"neighbourhood_en":"Jabal Amman","neighbourhood_ar":"جبل عمان","type":"building","area_m2":605,"admin_value_fils_m2":306211,"market_value_fils_m2":727102,"height_m":13,"offering_id":"","spv_name":"","unit_price_fils":0,"units_offered":0,"units_sold":0,"target_net_yield_bps":0,"closes_at":""},"geometry":{"type":"Polygon","coordinates":[[[35.925,31.949575],[35.925743475087,31.949575],[35.925743475087,31.95017443216875],[35.925,31.95017443216875],[35.925,31.949575]]]}},{"type":"Feature","id":202,"properties":{"id":"P-202","dls_village":3,"dls_basin":7,"dls_plot":202,"neighbourhood_en":"Jabal Amman","neighbourhood_ar":"جبل عمان","type":"building","area_m2":608,"admin_value_fils_m2":273188,"market_value_fils_m2":745839,"height_m":16,"offering_id":"OFF-202","spv_name":"Qitaa Jabal Amman 202 LLC","unit_price_fils":10000,"units_offered":3400,"units_sold":1222,"target_net_yield_bps":563,"closes_at":"2026-09-11T15:42:20.082Z"},"geometry":{"type":"Polygon","coordinates":[[[35.925,31.951275],[35.925513142208565,31.951275],[35.925513142208565,31.951834943279124],[35.925,31.951834943279124],[35.925,31.951275]]]}},{"type":"Feature","id":203,"properties":{"id":"P-203","dls_village":3,"dls_basin":7,"dls_plot":203,"neighbourhood_en":"Jabal Amman","neighbourhood_ar":"جبل عمان","type":"building","area_m2":899,"admin_value_fils_m2":312277,"market_value_fils_m2":846133,"height_m":17,"offering_id":"OFF-203","spv_name":"Qitaa Jabal Amman 203 LLC","unit_price_fils":10000,"units_offered":9200,"units_sold":6323,"target_net_yield_bps":563,"closes_at":"2026-10-23T18:44:38.578Z"},"geometry":{"type":"Polygon","coordinates":[[[35.925,31.952125],[35.92571705944984,31.952125],[35.92571705944984,31.95284347493382],[35.925,31.95284347493382],[35.925,31.952125]]]}},{"type":"Feature","id":204,"properties":{"id":"P-204","dls_village":3,"dls_basin":7,"dls_plot":204,"neighbourhood_en":"Jabal Amman","neighbourhood_ar":"جبل عمان","type":"apartment","area_m2":1157,"admin_value_fils_m2":344054,"market_value_fils_m2":963775,"height_m":15,"offering_id":"","spv_name":"","unit_price_fils":0,"units_offered":0,"units_sold":0,"target_net_yield_bps":0,"closes_at":""},"geometry":{"type":"Polygon","coordinates":[[[35.925977499999995,31.947875],[35.92645472290904,31.947875],[35.92645472290904,31.948437916001765],[35.925977499999995,31.948437916001765],[35.925977499999995,31.947875]]]}},{"type":"Feature","id":205,"properties":{"id":"P-205","dls_village":3,"dls_basin":7,"dls_plot":205,"neighbourhood_en":"Jabal Amman","neighbourhood_ar":"جبل عمان","type":"apartment","area_m2":602,"admin_value_fils_m2":284183,"market_value_fils_m2":736676,"height_m":17,"offering_id":"","spv_name":"","unit_price_fils":0,"units_offered":0,"units_sold":0,"target_net_yield_bps":0,"closes_at":""},"geometry":{"type":"Polygon","coordinates":[[[35.925977499999995,31.948725],[35.92654545972363,31.948725],[35.92654545972363,31.949374208916883],[35.925977499999995,31.949374208916883],[35.925977499999995,31.948725]]]}},{"type":"Feature","id":206,"properties":{"id":"P-206","dls_village":3,"dls_basin":7,"dls_plot":206,"neighbourhood_en":"Jabal Amman","neighbourhood_ar":"جبل عمان","type":"apartment","area_m2":447,"admin_value_fils_m2":288555,"market_value_fils_m2":971891,"height_m":18,"offering_id":"OFF-206","spv_name":"Qitaa Jabal Amman 206 LLC","unit_price_fils":10000,"units_offered":10600,"units_sold":2280,"target_net_yield_bps":771,"closes_at":"2026-10-21T12:49:41.456Z"},"geometry":{"type":"Polygon","coordinates":[[[35.925977499999995,31.949575],[35.92649669077131,31.949575],[35.92649669077131,31.950123852182923],[35.925977499999995,31.950123852182923],[35.925977499999995,31.949575]]]}},{"type":"Feature","id":207,"properties":{"id":"P-207","dls_village":3,"dls_basin":7,"dls_plot":207,"neighbourhood_en":"Jabal Amman","neighbourhood_ar":"جبل عمان","type":"building","area_m2":811,"admin_value_fils_m2":303901,"market_value_fils_m2":638504,"height_m":20,"offering_id":"","spv_name":"","unit_price_fils":0,"units_offered":0,"units_sold":0,"target_net_yield_bps":0,"closes_at":""},"geometry":{"type":"Polygon","coordinates":[[[35.925977499999995,31.950425],[35.92653309235296,31.950425],[35.92653309235296,31.951086549341394],[35.925977499999995,31.951086549341394],[35.925977499999995,31.950425]]]}},{"type":"Feature","id":208,"properties":{"id":"P-208","dls_village":3,"dls_basin":7,"dls_plot":208,"neighbourhood_en":"Jabal Amman","neighbourhood_ar":"جبل عمان","type":"building","area_m2":377,"admin_value_fils_m2":308480,"market_value_fils_m2":812257,"height_m":21,"offering_id":"","spv_name":"","unit_price_fils":0,"units_offered":0,"units_sold":0,"target_net_yield_bps":0,"closes_at":""},"geometry":{"type":"Polygon","coordinates":[[[35.925977499999995,31.951275],[35.926461357278065,31.951275],[35.926461357278065,31.952008511731847],[35.925977499999995,31.952008511731847],[35.925977499999995,31.951275]]]}},{"type":"Feature","id":209,"properties":{"id":"P-209","dls_village":3,"dls_basin":7,"dls_plot":209,"neighbourhood_en":"Jabal Amman","neighbourhood_ar":"جبل عمان","type":"building","area_m2":1336,"admin_value_fils_m2":255550,"market_value_fils_m2":938602,"height_m":18,"offering_id":"","spv_name":"","unit_price_fils":0,"units_offered":0,"units_sold":0,"target_net_yield_bps":0,"closes_at":""},"geometry":{"type":"Polygon","coordinates":[[[35.925977499999995,31.952125],[35.926651369874605,31.952125],[35.926651369874605,31.952698262691882],[35.925977499999995,31.952698262691882],[35.925977499999995,31.952125]]]}},{"type":"Feature","id":210,"properties":{"id":"P-210","dls_village":3,"dls_basin":7,"dls_plot":210,"neighbourhood_en":"Jabal Amman","neighbourhood_ar":"جبل عمان","type":"building","area_m2":902,"admin_value_fils_m2":265363,"market_value_fils_m2":706899,"height_m":12,"offering_id":"OFF-210","spv_name":"Qitaa Jabal Amman 210 LLC","unit_price_fils":10000,"units_offered":4300,"units_sold":3048,"target_net_yield_bps":753,"closes_at":"2026-08-18T02:03:15.001Z"},"geometry":{"type":"Polygon","coordinates":[[[35.925977499999995,31.952975],[35.926488395074415,31.952975],[35.926488395074415,31.953591477666325],[35.925977499999995,31.953591477666325],[35.925977499999995,31.952975]]]}},{"type":"Feature","id":211,"properties":{"id":"P-211","dls_village":3,"dls_basin":7,"dls_plot":211,"neighbourhood_en":"Jabal Amman","neighbourhood_ar":"جبل عمان","type":"building","area_m2":455,"admin_value_fils_m2":312133,"market_value_fils_m2":688230,"height_m":15,"offering_id":"OFF-211","spv_name":"Qitaa Jabal Amman 211 LLC","unit_price_fils":10000,"units_offered":10900,"units_sold":4975,"target_net_yield_bps":517,"closes_at":"2026-10-05T10:10:25.080Z"},"geometry":{"type":"Polygon","coordinates":[[[35.926955,31.946175],[35.927618662543274,31.946175],[35.927618662543274,31.946912580346993],[35.926955,31.946912580346993],[35.926955,31.946175]]]}},{"type":"Feature","id":212,"properties":{"id":"P-212","dls_village":3,"dls_basin":7,"dls_plot":212,"neighbourhood_en":"Jabal Amman","neighbourhood_ar":"جبل عمان","type":"building","area_m2":601,"admin_value_fils_m2":341459,"market_value_fils_m2":678171,"height_m":17,"offering_id":"","spv_name":"","unit_price_fils":0,"units_offered":0,"units_sold":0,"target_net_yield_bps":0,"closes_at":""},"geometry":{"type":"Polygon","coordinates":[[[35.926955,31.947025],[35.927700230516265,31.947025],[35.927700230516265,31.947535321309196],[35.926955,31.947535321309196],[35.926955,31.947025]]]}},{"type":"Feature","id":213,"properties":{"id":"P-213","dls_village":3,"dls_basin":7,"dls_plot":213,"neighbourhood_en":"Jabal Amman","neighbourhood_ar":"جبل عمان","type":"apartment","area_m2":561,"admin_value_fils_m2":292364,"market_value_fils_m2":846811,"height_m":11,"offering_id":"","spv_name":"","unit_price_fils":0,"units_offered":0,"units_sold":0,"target_net_yield_bps":0,"closes_at":""},"geometry":{"type":"Polygon","coordinates":[[[35.926955,31.947875],[35.927576485864556,31.947875],[35.927576485864556,31.94852642766031],[35.926955,31.94852642766031],[35.926955,31.947875]]]}},{"type":"Feature","id":214,"properties":{"id":"P-214","dls_village":3,"dls_basin":7,"dls_plot":214,"neighbourhood_en":"Jabal Amman","neighbourhood_ar":"جبل عمان","type":"apartment","area_m2":875,"admin_value_fils_m2":341775,"market_value_fils_m2":633906,"height_m":13,"offering_id":"","spv_name":"","unit_price_fils":0,"units_offered":0,"units_sold":0,"target_net_yield_bps":0,"closes_at":""},"geometry":{"type":"Polygon","coordinates":[[[35.926955,31.948725],[35.92748320837176,31.948725],[35.92748320837176,31.949230233993305],[35.926955,31.949230233993305],[35.926955,31.948725]]]}},{"type":"Feature","id":215,"properties":{"id":"P-215","dls_village":3,"dls_basin":7,"dls_plot":215,"neighbourhood_en":"Jabal Amman","neighbourhood_ar":"جبل عمان","type":"apartment","area_m2":1382,"admin_value_fils_m2":337493,"market_value_fils_m2":804761,"height_m":16,"offering_id":"OFF-215","spv_name":"Qitaa Jabal Amman 215 LLC","unit_price_fils":10000,"units_offered":10300,"units_sold":6079,"target_net_yield_bps":801,"closes_at":"2026-09-07T08:28:31.257Z"},"geometry":{"type":"Polygon","coordinates":[[[35.926955,31.949575],[35.92756682616867,31.949575],[35.92756682616867,31.950106144517065],[35.926955,31.950106144517065],[35.926955,31.949575]]]}},{"type":"Feature","id":216,"properties":{"id":"P-216","dls_village":3,"dls_basin":7,"dls_plot":216,"neighbourhood_en":"Jabal Amman","neighbourhood_ar":"جبل عمان","type":"building","area_m2":940,"admin_value_fils_m2":330428,"market_value_fils_m2":698780,"height_m":15,"offering_id":"","spv_name":"","unit_price_fils":0,"units_offered":0,"units_sold":0,"target_net_yield_bps":0,"closes_at":""},"geometry":{"type":"Polygon","coordinates":[[[35.926955,31.950425],[35.92748262003966,31.950425],[35.92748262003966,31.95100674763859],[35.926955,31.95100674763859],[35.926955,31.950425]]]}},{"type":"Feature","id":217,"properties":{"id":"P-217","dls_village":3,"dls_basin":7,"dls_plot":217,"neighbourhood_en":"Jabal Amman","neighbourhood_ar":"جبل عمان","type":"building","area_m2":570,"admin_value_fils_m2":320583,"market_value_fils_m2":694551,"height_m":16,"offering_id":"OFF-217","spv_name":"Qitaa Jabal Amman 217 LLC","unit_price_fils":10000,"units_offered":2200,"units_sold":506,"target_net_yield_bps":773,"closes_at":"2026-09-29T21:03:22.961Z"},"geometry":{"type":"Polygon","coordinates":[[[35.926955,31.952125],[35.92767020546428,31.952125],[35.92767020546428,31.952805658720106],[35.926955,31.952805658720106],[35.926955,31.952125]]]}},{"type":"Feature","id":218,"properties":{"id":"P-218","dls_village":3,"dls_basin":7,"dls_plot":218,"neighbourhood_en":"Jabal Amman","neighbourhood_ar":"جبل عمان","type":"building","area_m2":917,"admin_value_fils_m2":273299,"market_value_fils_m2":861124,"height_m":12,"offering_id":"OFF-218","spv_name":"Qitaa Jabal Amman 218 LLC","unit_price_fils":10000,"units_offered":6000,"units_sold":939,"target_net_yield_bps":766,"closes_at":"2026-10-22T17:07:17.174Z"},"geometry":{"type":"Polygon","coordinates":[[[35.926955,31.952975],[35.92747845681277,31.952975],[35.92747845681277,31.95372650793265],[35.926955,31.95372650793265],[35.926955,31.952975]]]}},{"type":"Feature","id":219,"properties":{"id":"P-219","dls_village":3,"dls_basin":7,"dls_plot":219,"neighbourhood_en":"Jabal Amman","neighbourhood_ar":"جبل عمان","type":"apartment","area_m2":607,"admin_value_fils_m2":285962,"market_value_fils_m2":661434,"height_m":15,"offering_id":"","spv_name":"","unit_price_fils":0,"units_offered":0,"units_sold":0,"target_net_yield_bps":0,"closes_at":""},"geometry":{"type":"Polygon","coordinates":[[[35.9279325,31.946175],[35.92842973193745,31.946175],[35.92842973193745,31.94684341342061],[35.9279325,31.94684341342061],[35.9279325,31.946175]]]}},{"type":"Feature","id":220,"properties":{"id":"P-220","dls_village":3,"dls_basin":7,"dls_plot":220,"neighbourhood_en":"Jabal Amman","neighbourhood_ar":"جبل عمان","type":"building","area_m2":1288,"admin_value_fils_m2":267138,"market_value_fils_m2":896938,"height_m":18,"offering_id":"","spv_name":"","unit_price_fils":0,"units_offered":0,"units_sold":0,"target_net_yield_bps":0,"closes_at":""},"geometry":{"type":"Polygon","coordinates":[[[35.9279325,31.947025],[35.92840995419978,31.947025],[35.92840995419978,31.947612116914108],[35.9279325,31.947612116914108],[35.9279325,31.947025]]]}},{"type":"Feature","id":221,"properties":{"id":"P-221","dls_village":3,"dls_basin":7,"dls_plot":221,"neighbourhood_en":"Jabal Amman","neighbourhood_ar":"جبل عمان","type":"apartment","area_m2":838,"admin_value_fils_m2":336704,"market_value_fils_m2":969658,"height_m":12,"offering_id":"","spv_name":"","unit_price_fils":0,"units_offered":0,"units_sold":0,"target_net_yield_bps":0,"closes_at":""},"geometry":{"type":"Polygon","coordinates":[[[35.9279325,31.947875],[35.928503923184806,31.947875],[35.928503923184806,31.948586928949645],[35.9279325,31.948586928949645],[35.9279325,31.947875]]]}},{"type":"Feature","id":222,"properties":{"id":"P-222","dls_village":3,"dls_basin":7,"dls_plot":222,"neighbourhood_en":"Jabal Amman","neighbourhood_ar":"جبل عمان","type":"building","area_m2":541,"admin_value_fils_m2":311675,"market_value_fils_m2":912088,"height_m":14,"offering_id":"OFF-222","spv_name":"Qitaa Jabal Amman 222 LLC","unit_price_fils":10000,"units_offered":6200,"units_sold":5913,"target_net_yield_bps":495,"closes_at":"2026-08-28T17:20:48.154Z"},"geometry":{"type":"Polygon","coordinates":[[[35.9279325,31.948725],[35.9284685407849,31.948725],[35.9284685407849,31.949432711952767],[35.9279325,31.949432711952767],[35.9279325,31.948725]]]}},{"type":"Feature","id":223,"properties":{"id":"P-223","dls_village":3,"dls_basin":7,"dls_plot":223,"neighbourhood_en":"Jabal Amman","neighbourhood_ar":"جبل عمان","type":"apartment","area_m2":400,"admin_value_fils_m2":267639,"market_value_fils_m2":774252,"height_m":19,"offering_id":"","spv_name":"","unit_price_fils":0,"units_offered":0,"units_sold":0,"target_net_yield_bps":0,"closes_at":""},"geometry":{"type":"Polygon","coordinates":[[[35.9279325,31.949575],[35.92849572927899,31.949575],[35.92849572927899,31.950213344264515],[35.9279325,31.950213344264515],[35.9279325,31.949575]]]}},{"type":"Feature","id":224,"properties":{"id":"P-224","dls_village":3,"dls_basin":7,"dls_plot":224,"neighbourhood_en":"Jabal Amman","neighbourhood_ar":"جبل عمان","type":"building","area_m2":773,"admin_value_fils_m2":291218,"market_value_fils_m2":963573,"height_m":22,"offering_id":"","spv_name":"","unit_price_fils":0,"units_offered":0,"units_sold":0,"target_net_yield_bps":0,"closes_at":""},"geometry":{"type":"Polygon","coordinates":[[[35.9279325,31.950425],[35.92847971550812,31.950425],[35.92847971550812,31.95114638195099],[35.9279325,31.95114638195099],[35.9279325,31.950425]]]}},{"type":"Feature","id":225,"properties":{"id":"P-225","dls_village":3,"dls_basin":7,"dls_plot":225,"neighbourhood_en":"Jabal Amman","neighbourhood_ar":"جبل عمان","type":"building","area_m2":460,"admin_value_fils_m2":303327,"market_value_fils_m2":800812,"height_m":16,"offering_id":"","spv_name":"","unit_price_fils":0,"units_offered":0,"units_sold":0,"target_net_yield_bps":0,"closes_at":""},"geometry":{"type":"Polygon","coordinates":[[[35.9279325,31.951275],[35.92864677014341,31.951275],[35.92864677014341,31.95190818774468],[35.9279325,31.95190818774468],[35.9279325,31.951275]]]}},{"type":"Feature","id":226,"properties":{"id":"P-226","dls_village":3,"dls_basin":7,"dls_plot":226,"neighbourhood_en":"Jabal Amman","neighbourhood_ar":"جبل عمان","type":"apartment","area_m2":675,"admin_value_fils_m2":285500,"market_value_fils_m2":788793,"height_m":20,"offering_id":"OFF-226","spv_name":"Qitaa Jabal Amman 226 LLC","unit_price_fils":10000,"units_offered":10500,"units_sold":5912,"target_net_yield_bps":706,"closes_at":"2026-10-15T06:47:26.046Z"},"geometry":{"type":"Polygon","coordinates":[[[35.9279325,31.952125],[35.92841495468885,31.952125],[35.92841495468885,31.952696193071553],[35.9279325,31.952696193071553],[35.9279325,31.952125]]]}},{"type":"Feature","id":227,"properties":{"id":"P-227","dls_village":3,"dls_basin":7,"dls_plot":227,"neighbourhood_en":"Jabal Amman","neighbourhood_ar":"جبل عمان","type":"apartment","area_m2":459,"admin_value_fils_m2":315259,"market_value_fils_m2":890746,"height_m":14,"offering_id":"OFF-227","spv_name":"Qitaa Jabal Amman 227 LLC","unit_price_fils":10000,"units_offered":3700,"units_sold":1854,"target_net_yield_bps":506,"closes_at":"2026-10-26T01:06:05.746Z"},"geometry":{"type":"Polygon","coordinates":[[[35.9279325,31.952975],[35.92843219996124,31.952975],[35.92843219996124,31.95355322068648],[35.9279325,31.95355322068648],[35.9279325,31.952975]]]}},{"type":"Feature","id":228,"properties":{"id":"P-228","dls_village":14,"dls_basin":33,"dls_plot":228,"neighbourhood_en":"Khalda","neighbourhood_ar":"خلدا","type":"villa","area_m2":1209,"admin_value_fils_m2":270553,"market_value_fils_m2":706329,"height_m":20,"offering_id":"OFF-228","spv_name":"Qitaa Khalda 228 LLC","unit_price_fils":10000,"units_offered":3300,"units_sold":3257,"target_net_yield_bps":738,"closes_at":"2026-08-24T08:06:53.870Z"},"geometry":{"type":"Polygon","coordinates":[[[35.84109,31.976175],[35.84169474670025,31.976175],[35.84169474670025,31.97672895700705],[35.84109,31.97672895700705],[35.84109,31.976175]]]}},{"type":"Feature","id":229,"properties":{"id":"P-229","dls_village":14,"dls_basin":33,"dls_plot":229,"neighbourhood_en":"Khalda","neighbourhood_ar":"خلدا","type":"villa","area_m2":517,"admin_value_fils_m2":287135,"market_value_fils_m2":684041,"height_m":24,"offering_id":"","spv_name":"","unit_price_fils":0,"units_offered":0,"units_sold":0,"target_net_yield_bps":0,"closes_at":""},"geometry":{"type":"Polygon","coordinates":[[[35.84109,31.977025],[35.84155967690553,31.977025],[35.84155967690553,31.977526413229967],[35.84109,31.977526413229967],[35.84109,31.977025]]]}},{"type":"Feature","id":230,"properties":{"id":"P-230","dls_village":14,"dls_basin":33,"dls_plot":230,"neighbourhood_en":"Khalda","neighbourhood_ar":"خلدا","type":"villa","area_m2":322,"admin_value_fils_m2":237644,"market_value_fils_m2":504907,"height_m":12,"offering_id":"OFF-230","spv_name":"Qitaa Khalda 230 LLC","unit_price_fils":10000,"units_offered":11700,"units_sold":8952,"target_net_yield_bps":597,"closes_at":"2026-10-10T07:00:40.569Z"},"geometry":{"type":"Polygon","coordinates":[[[35.84109,31.977875],[35.84158293323807,31.977875],[35.84158293323807,31.978423330807747],[35.84109,31.978423330807747],[35.84109,31.977875]]]}},{"type":"Feature","id":231,"properties":{"id":"P-231","dls_village":14,"dls_basin":33,"dls_plot":231,"neighbourhood_en":"Khalda","neighbourhood_ar":"خلدا","type":"villa","area_m2":662,"admin_value_fils_m2":232371,"market_value_fils_m2":692488,"height_m":24,"offering_id":"OFF-231","spv_name":"Qitaa Khalda 231 LLC","unit_price_fils":10000,"units_offered":3700,"units_sold":369,"target_net_yield_bps":634,"closes_at":"2026-08-09T23:56:08.672Z"},"geometry":{"type":"Polygon","coordinates":[[[35.84109,31.978725],[35.84165974595452,31.978725],[35.84165974595452,31.979385184715824],[35.84109,31.979385184715824],[35.84109,31.978725]]]}},{"type":"Feature","id":232,"properties":{"id":"P-232","dls_village":14,"dls_basin":33,"dls_plot":232,"neighbourhood_en":"Khalda","neighbourhood_ar":"خلدا","type":"apartment","area_m2":876,"admin_value_fils_m2":274071,"market_value_fils_m2":641049,"height_m":21,"offering_id":"","spv_name":"","unit_price_fils":0,"units_offered":0,"units_sold":0,"target_net_yield_bps":0,"closes_at":""},"geometry":{"type":"Polygon","coordinates":[[[35.84109,31.979575],[35.841714661478264,31.979575],[35.841714661478264,31.980134840553916],[35.84109,31.980134840553916],[35.84109,31.979575]]]}},{"type":"Feature","id":233,"properties":{"id":"P-233","dls_village":14,"dls_basin":33,"dls_plot":233,"neighbourhood_en":"Khalda","neighbourhood_ar":"خلدا","type":"apartment","area_m2":1234,"admin_value_fils_m2":239346,"market_value_fils_m2":642265,"height_m":22,"offering_id":"","spv_name":"","unit_price_fils":0,"units_offered":0,"units_sold":0,"target_net_yield_bps":0,"closes_at":""},"geometry":{"type":"Polygon","coordinates":[[[35.84109,31.981275],[35.841721324442695,31.981275],[35.841721324442695,31.982003203066448],[35.84109,31.982003203066448],[35.84109,31.981275]]]}},{"type":"Feature","id":234,"properties":{"id":"P-234","dls_village":14,"dls_basin":33,"dls_plot":234,"neighbourhood_en":"Khalda","neighbourhood_ar":"خلدا","type":"villa","area_m2":530,"admin_value_fils_m2":270651,"market_value_fils_m2":756936,"height_m":19,"offering_id":"","spv_name":"","unit_price_fils":0,"units_offered":0,"units_sold":0,"target_net_yield_bps":0,"closes_at":""},"geometry":{"type":"Polygon","coordinates":[[[35.84109,31.982125],[35.8415997074956,31.982125],[35.8415997074956,31.98287433487345],[35.84109,31.98287433487345],[35.84109,31.982125]]]}},{"type":"Feature","id":235,"properties":{"id":"P-235","dls_village":14,"dls_basin":33,"dls_plot":235,"neighbourhood_en":"Khalda","neighbourhood_ar":"خلدا","type":"villa","area_m2":1261,"admin_value_fils_m2":258562,"market_value_fils_m2":714288,"height_m":20,"offering_id":"","spv_name":"","unit_price_fils":0,"units_offered":0,"units_sold":0,"target_net_yield_bps":0,"closes_at":""},"geometry":{"type":"Polygon","coordinates":[[[35.84109,31.982975],[35.84163631391944,31.982975],[35.84163631391944,31.98356947663992],[35.84109,31.98356947663992],[35.84109,31.982975]]]}},{"type":"Feature","id":236,"properties":{"id":"P-236","dls_village":14,"dls_basin":33,"dls_plot":236,"neighbourhood_en":"Khalda","neighbourhood_ar":"خلدا","type":"villa","area_m2":941,"admin_value_fils_m2":242768,"market_value_fils_m2":642602,"height_m":15,"offering_id":"","spv_name":"","unit_price_fils":0,"units_offered":0,"units_sold":0,"target_net_yield_bps":0,"closes_at":""},"geometry":{"type":"Polygon","coordinates":[[[35.8420675,31.977025],[35.84277102032283,31.977025],[35.84277102032283,31.97774808545125],[35.8420675,31.97774808545125],[35.8420675,31.977025]]]}},{"type":"Feature","id":237,"properties":{"id":"P-237","dls_village":14,"dls_basin":33,"dls_plot":237,"neighbourhood_en":"Khalda","neighbourhood_ar":"خلدا","type":"apartment","area_m2":877,"admin_value_fils_m2":239135,"market_value_fils_m2":675058,"height_m":22,"offering_id":"","spv_name":"","unit_price_fils":0,"units_offered":0,"units_sold":0,"target_net_yield_bps":0,"closes_at":""},"geometry":{"type":"Polygon","coordinates":[[[35.8420675,31.978725],[35.84254120082372,31.978725],[35.84254120082372,31.979223824747677],[35.8420675,31.979223824747677],[35.8420675,31.978725]]]}},{"type":"Feature","id":238,"properties":{"id":"P-238","dls_village":14,"dls_basin":33,"dls_plot":238,"neighbourhood_en":"Khalda","neighbourhood_ar":"خلدا","type":"apartment","area_m2":405,"admin_value_fils_m2":213291,"market_value_fils_m2":687727,"height_m":13,"offering_id":"","spv_name":"","unit_price_fils":0,"units_offered":0,"units_sold":0,"target_net_yield_bps":0,"closes_at":""},"geometry":{"type":"Polygon","coordinates":[[[35.8420675,31.979575],[35.84277477721489,31.979575],[35.84277477721489,31.980288845574982],[35.8420675,31.980288845574982],[35.8420675,31.979575]]]}},{"type":"Feature","id":239,"properties":{"id":"P-239","dls_village":14,"dls_basin":33,"dls_plot":239,"neighbourhood_en":"Khalda","neighbourhood_ar":"خلدا","type":"apartment","area_m2":937,"admin_value_fils_m2":235681,"market_value_fils_m2":760520,"height_m":23,"offering_id":"","spv_name":"","unit_price_fils":0,"units_offered":0,"units_sold":0,"target_net_yield_bps":0,"closes_at":""},"geometry":{"type":"Polygon","coordinates":[[[35.8420675,31.980425],[35.84253607700572,31.980425],[35.84253607700572,31.980930672427487],[35.8420675,31.980930672427487],[35.8420675,31.980425]]]}},{"type":"Feature","id":240,"properties":{"id":"P-240","dls_village":14,"dls_basin":33,"dls_plot":240,"neighbourhood_en":"Khalda","neighbourhood_ar":"خلدا","type":"villa","area_m2":1025,"admin_value_fils_m2":213859,"market_value_fils_m2":514261,"height_m":21,"offering_id":"OFF-240","spv_name":"Qitaa Khalda 240 LLC","unit_price_fils":10000,"units_offered":3500,"units_sold":2461,"target_net_yield_bps":499,"closes_at":"2026-10-28T02:14:55.929Z"},"geometry":{"type":"Polygon","coordinates":[[[35.8420675,31.981275],[35.84266123637539,31.981275],[35.84266123637539,31.981760477955568],[35.8420675,31.981760477955568],[35.8420675,31.981275]]]}},{"type":"Feature","id":241,"properties":{"id":"P-241","dls_village":14,"dls_basin":33,"dls_plot":241,"neighbourhood_en":"Khalda","neighbourhood_ar":"خلدا","type":"villa","area_m2":942,"admin_value_fils_m2":285872,"market_value_fils_m2":599741,"height_m":12,"offering_id":"","spv_name":"","unit_price_fils":0,"units_offered":0,"units_sold":0,"target_net_yield_bps":0,"closes_at":""},"geometry":{"type":"Polygon","coordinates":[[[35.8420675,31.982125],[35.84255059756811,31.982125],[35.84255059756811,31.982677293525867],[35.8420675,31.982677293525867],[35.8420675,31.982125]]]}},{"type":"Feature","id":242,"properties":{"id":"P-242","dls_village":14,"dls_basin":33,"dls_plot":242,"neighbourhood_en":"Khalda","neighbourhood_ar":"خلدا","type":"villa","area_m2":840,"admin_value_fils_m2":272616,"market_value_fils_m2":809773,"height_m":15,"offering_id":"OFF-242","spv_name":"Qitaa Khalda 242 LLC","unit_price_fils":10000,"units_offered":8300,"units_sold":3086,"target_net_yield_bps":778,"closes_at":"2026-10-28T09:17:55.976Z"},"geometry":{"type":"Polygon","coordinates":[[[35.8420675,31.982975],[35.842648844961275,31.982975],[35.842648844961275,31.98361439919972],[35.8420675,31.98361439919972],[35.8420675,31.982975]]]}},{"type":"Feature","id":243,"properties":{"id":"P-243","dls_village":14,"dls_basin":33,"dls_plot":243,"neighbourhood_en":"Khalda","neighbourhood_ar":"خلدا","type":"apartment","area_m2":1256,"admin_value_fils_m2":215858,"market_value_fils_m2":699803,"height_m":25,"offering_id":"OFF-243","spv_name":"Qitaa Khalda 243 LLC","unit_price_fils":10000,"units_offered":7500,"units_sold":1686,"target_net_yield_bps":751,"closes_at":"2026-09-27T05:00:22.263Z"},"geometry":{"type":"Polygon","coordinates":[[[35.843045,31.976175],[35.843690636699954,31.976175],[35.843690636699954,31.976808228984385],[35.843045,31.976808228984385],[35.843045,31.976175]]]}},{"type":"Feature","id":244,"properties":{"id":"P-244","dls_village":14,"dls_basin":33,"dls_plot":244,"neighbourhood_en":"Khalda","neighbourhood_ar":"خلدا","type":"apartment","area_m2":1293,"admin_value_fils_m2":256817,"market_value_fils_m2":786186,"height_m":15,"offering_id":"","spv_name":"","unit_price_fils":0,"units_offered":0,"units_sold":0,"target_net_yield_bps":0,"closes_at":""},"geometry":{"type":"Polygon","coordinates":[[[35.843045,31.977025],[35.843578687180404,31.977025],[35.843578687180404,31.977579193301498],[35.843045,31.977579193301498],[35.843045,31.977025]]]}},{"type":"Feature","id":245,"properties":{"id":"P-245","dls_village":14,"dls_basin":33,"dls_plot":245,"neighbourhood_en":"Khalda","neighbourhood_ar":"خلدا","type":"villa","area_m2":1301,"admin_value_fils_m2":226110,"market_value_fils_m2":714995,"height_m":23,"offering_id":"OFF-245","spv_name":"Qitaa Khalda 245 LLC","unit_price_fils":10000,"units_offered":11900,"units_sold":4040,"target_net_yield_bps":669,"closes_at":"2026-08-22T15:23:09.062Z"},"geometry":{"type":"Polygon","coordinates":[[[35.843045,31.977875],[35.84370251142641,31.977875],[35.84370251142641,31.978387271544396],[35.843045,31.978387271544396],[35.843045,31.977875]]]}},{"type":"Feature","id":246,"properties":{"id":"P-246","dls_village":14,"dls_basin":33,"dls_plot":246,"neighbourhood_en":"Khalda","neighbourhood_ar":"خلدا","type":"villa","area_m2":1393,"admin_value_fils_m2":218534,"market_value_fils_m2":726639,"height_m":20,"offering_id":"","spv_name":"","unit_price_fils":0,"units_offered":0,"units_sold":0,"target_net_yield_bps":0,"closes_at":""},"geometry":{"type":"Polygon","coordinates":[[[35.843045,31.978725],[35.84375112037064,31.978725],[35.84375112037064,31.979262682092635],[35.843045,31.979262682092635],[35.843045,31.978725]]]}},{"type":"Feature","id":247,"properties":{"id":"P-247","dls_village":14,"dls_basin":33,"dls_plot":247,"neighbourhood_en":"Khalda","neighbourhood_ar":"خلدا","type":"apartment","area_m2":1209,"admin_value_fils_m2":276783,"market_value_fils_m2":668832,"height_m":16,"offering_id":"","spv_name":"","unit_price_fils":0,"units_offered":0,"units_sold":0,"target_net_yield_bps":0,"closes_at":""},"geometry":{"type":"Polygon","coordinates":[[[35.843045,31.979575],[35.84380802329977,31.979575],[35.84380802329977,31.98019579028528],[35.843045,31.98019579028528],[35.843045,31.979575]]]}},{"type":"Feature","id":248,"properties":{"id":"P-248","dls_village":14,"dls_basin":33,"dls_plot":248,"neighbourhood_en":"Khalda","neighbourhood_ar":"خلدا","type":"villa","area_m2":780,"admin_value_fils_m2":267094,"market_value_fils_m2":641398,"height_m":21,"offering_id":"OFF-248","spv_name":"Qitaa Khalda 248 LLC","unit_price_fils":10000,"units_offered":9400,"units_sold":515,"target_net_yield_bps":511,"closes_at":"2026-09-29T20:30:06.724Z"},"geometry":{"type":"Polygon","coordinates":[[[35.843045,31.980425],[35.84368642025154,31.980425],[35.84368642025154,31.980996926238078],[35.843045,31.980996926238078],[35.843045,31.980425]]]}},{"type":"Feature","id":249,"properties":{"id":"P-249","dls_village":14,"dls_basin":33,"dls_plot":249,"neighbourhood_en":"Khalda","neighbourhood_ar":"خلدا","type":"villa","area_m2":1060,"admin_value_fils_m2":267016,"market_value_fils_m2":612191,"height_m":22,"offering_id":"","spv_name":"","unit_price_fils":0,"units_offered":0,"units_sold":0,"target_net_yield_bps":0,"closes_at":""},"geometry":{"type":"Polygon","coordinates":[[[35.843045,31.981275],[35.84375208836911,31.981275],[35.84375208836911,31.981810324235763],[35.843045,31.981810324235763],[35.843045,31.981275]]]}},{"type":"Feature","id":250,"properties":{"id":"P-250","dls_village":14,"dls_basin":33,"dls_plot":250,"neighbourhood_en":"Khalda","neighbourhood_ar":"خلدا","type":"apartment","area_m2":402,"admin_value_fils_m2":281614,"market_value_fils_m2":629599,"height_m":19,"offering_id":"","spv_name":"","unit_price_fils":0,"units_offered":0,"units_sold":0,"target_net_yield_bps":0,"closes_at":""},"geometry":{"type":"Polygon","coordinates":[[[35.843045,31.982125],[35.84375652963379,31.982125],[35.84375652963379,31.982678916301882],[35.843045,31.982678916301882],[35.843045,31.982125]]]}},{"type":"Feature","id":251,"properties":{"id":"P-251","dls_village":14,"dls_basin":33,"dls_plot":251,"neighbourhood_en":"Khalda","neighbourhood_ar":"خلدا","type":"villa","area_m2":663,"admin_value_fils_m2":272321,"market_value_fils_m2":730658,"height_m":14,"offering_id":"","spv_name":"","unit_price_fils":0,"units_offered":0,"units_sold":0,"target_net_yield_bps":0,"closes_at":""},"geometry":{"type":"Polygon","coordinates":[[[35.843045,31.982975],[35.84374094261762,31.982975],[35.84374094261762,31.983525828790125],[35.843045,31.983525828790125],[35.843045,31.982975]]]}},{"type":"Feature","id":252,"properties":{"id":"P-252","dls_village":14,"dls_basin":33,"dls_plot":252,"neighbourhood_en":"Khalda","neighbourhood_ar":"خلدا","type":"villa","area_m2":1190,"admin_value_fils_m2":257814,"market_value_fils_m2":716500,"height_m":24,"offering_id":"","spv_name":"","unit_price_fils":0,"units_offered":0,"units_sold":0,"target_net_yield_bps":0,"closes_at":""},"geometry":{"type":"Polygon","coordinates":[[[35.8440225,31.976175],[35.844638203081324,31.976175],[35.844638203081324,31.97685167279376],[35.8440225,31.97685167279376],[35.8440225,31.976175]]]}},{"type":"Feature","id":253,"properties":{"id":"P-253","dls_village":14,"dls_basin":33,"dls_plot":253,"neighbourhood_en":"Khalda","neighbourhood_ar":"خلدا","type":"villa","area_m2":829,"admin_value_fils_m2":269962,"market_value_fils_m2":616520,"height_m":17,"offering_id":"","spv_name":"","unit_price_fils":0,"units_offered":0,"units_sold":0,"target_net_yield_bps":0,"closes_at":""},"geometry":{"type":"Polygon","coordinates":[[[35.8440225,31.977025],[35.84472308085374,31.977025],[35.84472308085374,31.97761330002846],[35.8440225,31.97761330002846],[35.8440225,31.977025]]]}},{"type":"Feature","id":254,"properties":{"id":"P-254","dls_village":14,"dls_basin":33,"dls_plot":254,"neighbourhood_en":"Khalda","neighbourhood_ar":"خلدا","type":"villa","area_m2":508,"admin_value_fils_m2":260671,"market_value_fils_m2":555999,"height_m":24,"offering_id":"","spv_name":"","unit_price_fils":0,"units_offered":0,"units_sold":0,"target_net_yield_bps":0,"closes_at":""},"geometry":{"type":"Polygon","coordinates":[[[35.8440225,31.977875],[35.844744199055576,31.977875],[35.844744199055576,31.978530710729288],[35.8440225,31.978530710729288],[35.8440225,31.977875]]]}},{"type":"Feature","id":255,"properties":{"id":"P-255","dls_village":14,"dls_basin":33,"dls_plot":255,"neighbourhood_en":"Khalda","neighbourhood_ar":"خلدا","type":"apartment","area_m2":516,"admin_value_fils_m2":257688,"market_value_fils_m2":757167,"height_m":17,"offering_id":"","spv_name":"","unit_price_fils":0,"units_offered":0,"units_sold":0,"target_net_yield_bps":0,"closes_at":""},"geometry":{"type":"Polygon","coordinates":[[[35.8440225,31.978725],[35.844647856383155,31.978725],[35.844647856383155,31.97929140398392],[35.8440225,31.97929140398392],[35.8440225,31.978725]]]}},{"type":"Feature","id":256,"properties":{"id":"P-256","dls_village":14,"dls_basin":33,"dls_plot":256,"neighbourhood_en":"Khalda","neighbourhood_ar":"خلدا","type":"apartment","area_m2":748,"admin_value_fils_m2":236518,"market_value_fils_m2":743441,"height_m":21,"offering_id":"OFF-256","spv_name":"Qitaa Khalda 256 LLC","unit_price_fils":10000,"units_offered":6500,"units_sold":4014,"target_net_yield_bps":671,"closes_at":"2026-08-23T01:43:01.132Z"},"geometry":{"type":"Polygon","coordinates":[[[35.8440225,31.979575],[35.84477967406105,31.979575],[35.84477967406105,31.980274202667605],[35.8440225,31.980274202667605],[35.8440225,31.979575]]]}},{"type":"Feature","id":257,"properties":{"id":"P-257","dls_village":14,"dls_basin":33,"dls_plot":257,"neighbourhood_en":"Khalda","neighbourhood_ar":"خلدا","type":"apartment","area_m2":1247,"admin_value_fils_m2":239682,"market_value_fils_m2":810570,"height_m":25,"offering_id":"","spv_name":"","unit_price_fils":0,"units_offered":0,"units_sold":0,"target_net_yield_bps":0,"closes_at":""},"geometry":{"type":"Polygon","coordinates":[[[35.8440225,31.980425],[35.844721762534064,31.980425],[35.844721762534064,31.980997241952053],[35.8440225,31.980997241952053],[35.8440225,31.980425]]]}},{"type":"Feature","id":258,"properties":{"id":"P-258","dls_village":14,"dls_basin":33,"dls_plot":258,"neighbourhood_en":"Khalda","neighbourhood_ar":"خلدا","type":"villa","area_m2":1379,"admin_value_fils_m2":232264,"market_value_fils_m2":691484,"height_m":17,"offering_id":"","spv_name":"","unit_price_fils":0,"units_offered":0,"units_sold":0,"target_net_yield_bps":0,"closes_at":""},"geometry":{"type":"Polygon","coordinates":[[[35.8440225,31.981275],[35.84477960783511,31.981275],[35.84477960783511,31.981814463667668],[35.8440225,31.981814463667668],[35.8440225,31.981275]]]}},{"type":"Feature","id":259,"properties":{"id":"P-259","dls_village":14,"dls_basin":33,"dls_plot":259,"neighbourhood_en":"Khalda","neighbourhood_ar":"خلدا","type":"villa","area_m2":1327,"admin_value_fils_m2":277161,"market_value_fils_m2":589490,"height_m":18,"offering_id":"","spv_name":"","unit_price_fils":0,"units_offered":0,"units_sold":0,"target_net_yield_bps":0,"closes_at":""},"geometry":{"type":"Polygon","coordinates":[[[35.8440225,31.982125],[35.844592584234064,31.982125],[35.844592584234064,31.982692435566964],[35.8440225,31.982692435566964],[35.8440225,31.982125]]]}},{"type":"Feature","id":260,"properties":{"id":"P-260","dls_village":14,"dls_basin":33,"dls_plot":260,"neighbourhood_en":"Khalda","neighbourhood_ar":"خلدا","type":"apartment","area_m2":1236,"admin_value_fils_m2":251427,"market_value_fils_m2":693167,"height_m":15,"offering_id":"OFF-260","spv_name":"Qitaa Khalda 260 LLC","unit_price_fils":10000,"units_offered":7200,"units_sold":7067,"target_net_yield_bps":600,"closes_at":"2026-10-28T16:02:25.107Z"},"geometry":{"type":"Polygon","coordinates":[[[35.845,31.976175],[35.84550908464561,31.976175],[35.84550908464561,31.976664970718065],[35.845,31.976664970718065],[35.845,31.976175]]]}},{"type":"Feature","id":261,"properties":{"id":"P-261","dls_village":14,"dls_basin":33,"dls_plot":261,"neighbourhood_en":"Khalda","neighbourhood_ar":"خلدا","type":"apartment","area_m2":1275,"admin_value_fils_m2":240148,"market_value_fils_m2":634626,"height_m":25,"offering_id":"","spv_name":"","unit_price_fils":0,"units_offered":0,"units_sold":0,"target_net_yield_bps":0,"closes_at":""},"geometry":{"type":"Polygon","coordinates":[[[35.845,31.977025],[35.845629289030136,31.977025],[35.845629289030136,31.977688119022158],[35.845,31.977688119022158],[35.845,31.977025]]]}},{"type":"Feature","id":262,"properties":{"id":"P-262","dls_village":14,"dls_basin":33,"dls_plot":262,"neighbourhood_en":"Khalda","neighbourhood_ar":"خلدا","type":"villa","area_m2":344,"admin_value_fils_m2":270988,"market_value_fils_m2":757677,"height_m":22,"offering_id":"","spv_name":"","unit_price_fils":0,"units_offered":0,"units_sold":0,"target_net_yield_bps":0,"closes_at":""},"geometry":{"type":"Polygon","coordinates":[[[35.845,31.977875],[35.8456274606261,31.977875],[35.8456274606261,31.978538888478],[35.845,31.978538888478],[35.845,31.977875]]]}},{"type":"Feature","id":263,"properties":{"id":"P-263","dls_village":14,"dls_basin":33,"dls_plot":263,"neighbourhood_en":"Khalda","neighbourhood_ar":"خلدا","type":"apartment","area_m2":537,"admin_value_fils_m2":265873,"market_value_fils_m2":625752,"height_m":14,"offering_id":"","spv_name":"","unit_price_fils":0,"units_offered":0,"units_sold":0,"target_net_yield_bps":0,"closes_at":""},"geometry":{"type":"Polygon","coordinates":[[[35.845,31.979575],[35.84575731851388,31.979575],[35.84575731851388,31.980339551203528],[35.845,31.980339551203528],[35.845,31.979575]]]}},{"type":"Feature","id":264,"properties":{"id":"P-264","dls_village":14,"dls_basin":33,"dls_plot":264,"neighbourhood_en":"Khalda","neighbourhood_ar":"خلدا","type":"apartment","area_m2":562,"admin_value_fils_m2":273929,"market_value_fils_m2":693101,"height_m":23,"offering_id":"","spv_name":"","unit_price_fils":0,"units_offered":0,"units_sold":0,"target_net_yield_bps":0,"closes_at":""},"geometry":{"type":"Polygon","coordinates":[[[35.845,31.980425],[35.845554768739106,31.980425],[35.845554768739106,31.981040688339828],[35.845,31.981040688339828],[35.845,31.980425]]]}},{"type":"Feature","id":265,"properties":{"id":"P-265","dls_village":14,"dls_basin":33,"dls_plot":265,"neighbourhood_en":"Khalda","neighbourhood_ar":"خلدا","type":"apartment","area_m2":385,"admin_value_fils_m2":256627,"market_value_fils_m2":614023,"height_m":14,"offering_id":"OFF-265","spv_name":"Qitaa Khalda 265 LLC","unit_price_fils":10000,"units_offered":8900,"units_sold":3649,"target_net_yield_bps":600,"closes_at":"2026-09-03T10:01:58.207Z"},"geometry":{"type":"Polygon","coordinates":[[[35.845,31.981275],[35.845578284029806,31.981275],[35.845578284029806,31.981902441752197],[35.845,31.981902441752197],[35.845,31.981275]]]}},{"type":"Feature","id":266,"properties":{"id":"P-266","dls_village":14,"dls_basin":33,"dls_plot":266,"neighbourhood_en":"Khalda","neighbourhood_ar":"خلدا","type":"villa","area_m2":1300,"admin_value_fils_m2":243734,"market_value_fils_m2":526377,"height_m":19,"offering_id":"OFF-266","spv_name":"Qitaa Khalda 266 LLC","unit_price_fils":10000,"units_offered":11400,"units_sold":10341,"target_net_yield_bps":785,"closes_at":"2026-08-28T04:32:31.389Z"},"geometry":{"type":"Polygon","coordinates":[[[35.845,31.982125],[35.84558009679783,31.982125],[35.84558009679783,31.98260763852288],[35.845,31.98260763852288],[35.845,31.982125]]]}},{"type":"Feature","id":267,"properties":{"id":"P-267","dls_village":14,"dls_basin":33,"dls_plot":267,"neighbourhood_en":"Khalda","neighbourhood_ar":"خلدا","type":"apartment","area_m2":1367,"admin_value_fils_m2":213427,"market_value_fils_m2":511142,"height_m":22,"offering_id":"OFF-267","spv_name":"Qitaa Khalda 267 LLC","unit_price_fils":10000,"units_offered":10100,"units_sold":2827,"target_net_yield_bps":785,"closes_at":"2026-10-27T09:27:42.281Z"},"geometry":{"type":"Polygon","coordinates":[[[35.845,31.982975],[35.84548977649009,31.982975],[35.84548977649009,31.983482397775976],[35.845,31.983482397775976],[35.845,31.982975]]]}},{"type":"Feature","id":268,"properties":{"id":"P-268","dls_village":14,"dls_basin":33,"dls_plot":268,"neighbourhood_en":"Khalda","neighbourhood_ar":"خلدا","type":"apartment","area_m2":693,"admin_value_fils_m2":227325,"market_value_fils_m2":618164,"height_m":23,"offering_id":"","spv_name":"","unit_price_fils":0,"units_offered":0,"units_sold":0,"target_net_yield_bps":0,"closes_at":""},"geometry":{"type":"Polygon","coordinates":[[[35.8459775,31.976175],[35.8466656770034,31.976175],[35.8466656770034,31.976744325349564],[35.8459775,31.976744325349564],[35.8459775,31.976175]]]}},{"type":"Feature","id":269,"properties":{"id":"P-269","dls_village":14,"dls_basin":33,"dls_plot":269,"neighbourhood_en":"Khalda","neighbourhood_ar":"خلدا","type":"villa","area_m2":763,"admin_value_fils_m2":224597,"market_value_fils_m2":535545,"height_m":24,"offering_id":"","spv_name":"","unit_price_fils":0,"units_offered":0,"units_sold":0,"target_net_yield_bps":0,"closes_at":""},"geometry":{"type":"Polygon","coordinates":[[[35.8459775,31.977025],[35.84655556815932,31.977025],[35.84655556815932,31.977710624934705],[35.8459775,31.977710624934705],[35.8459775,31.977025]]]}},{"type":"Feature","id":270,"properties":{"id":"P-270","dls_village":14,"dls_basin":33,"dls_plot":270,"neighbourhood_en":"Khalda","neighbourhood_ar":"خلدا","type":"apartment","area_m2":834,"admin_value_fils_m2":243210,"market_value_fils_m2":528847,"height_m":23,"offering_id":"","spv_name":"","unit_price_fils":0,"units_offered":0,"units_sold":0,"target_net_yield_bps":0,"closes_at":""},"geometry":{"type":"Polygon","coordinates":[[[35.8459775,31.977875],[35.84660125803121,31.977875],[35.84660125803121,31.978487136132788],[35.8459775,31.978487136132788],[35.8459775,31.977875]]]}},{"type":"Feature","id":271,"properties":{"id":"P-271","dls_village":14,"dls_basin":33,"dls_plot":271,"neighbourhood_en":"Khalda","neighbourhood_ar":"خلدا","type":"apartment","area_m2":1163,"admin_value_fils_m2":256132,"market_value_fils_m2":602766,"height_m":20,"offering_id":"","spv_name":"","unit_price_fils":0,"units_offered":0,"units_sold":0,"target_net_yield_bps":0,"closes_at":""},"geometry":{"type":"Polygon","coordinates":[[[35.8459775,31.978725],[35.846448681571204,31.978725],[35.846448681571204,31.97942504473166],[35.8459775,31.97942504473166],[35.8459775,31.978725]]]}},{"type":"Feature","id":272,"properties":{"id":"P-272","dls_village":14,"dls_basin":33,"dls_plot":272,"neighbourhood_en":"Khalda","neighbourhood_ar":"خلدا","type":"apartment","area_m2":865,"admin_value_fils_m2":214002,"market_value_fils_m2":773564,"height_m":14,"offering_id":"","spv_name":"","unit_price_fils":0,"units_offered":0,"units_sold":0,"target_net_yield_bps":0,"closes_at":""},"geometry":{"type":"Polygon","coordinates":[[[35.8459775,31.979575],[35.84671011342628,31.979575],[35.84671011342628,31.980338619361394],[35.8459775,31.980338619361394],[35.8459775,31.979575]]]}},{"type":"Feature","id":273,"properties":{"id":"P-273","dls_village":14,"dls_basin":33,"dls_plot":273,"neighbourhood_en":"Khalda","neighbourhood_ar":"خلدا","type":"villa","area_m2":1376,"admin_value_fils_m2":250870,"market_value_fils_m2":682970,"height_m":22,"offering_id":"","spv_name":"","unit_price_fils":0,"units_offered":0,"units_sold":0,"target_net_yield_bps":0,"closes_at":""},"geometry":{"type":"Polygon","coordinates":[[[35.8459775,31.980425],[35.84649201459413,31.980425],[35.84649201459413,31.981150032961686],[35.8459775,31.981150032961686],[35.8459775,31.980425]]]}},{"type":"Feature","id":274,"properties":{"id":"P-274","dls_village":14,"dls_basin":33,"dls_plot":274,"neighbourhood_en":"Khalda","neighbourhood_ar":"خلدا","type":"villa","area_m2":838,"admin_value_fils_m2":248332,"market_value_fils_m2":515530,"height_m":20,"offering_id":"","spv_name":"","unit_price_fils":0,"units_offered":0,"units_sold":0,"target_net_yield_bps":0,"closes_at":""},"geometry":{"type":"Polygon","coordinates":[[[35.8459775,31.981275],[35.84647073930085,31.981275],[35.84647073930085,31.981952480414744],[35.8459775,31.981952480414744],[35.8459775,31.981275]]]}},{"type":"Feature","id":275,"properties":{"id":"P-275","dls_village":14,"dls_basin":33,"dls_plot":275,"neighbourhood_en":"Khalda","neighbourhood_ar":"خلدا","type":"villa","area_m2":832,"admin_value_fils_m2":258596,"market_value_fils_m2":698065,"height_m":14,"offering_id":"","spv_name":"","unit_price_fils":0,"units_offered":0,"units_sold":0,"target_net_yield_bps":0,"closes_at":""},"geometry":{"type":"Polygon","coordinates":[[[35.8459775,31.982125],[35.84659739451995,31.982125],[35.84659739451995,31.982883550046225],[35.8459775,31.982883550046225],[35.8459775,31.982125]]]}},{"type":"Feature","id":276,"properties":{"id":"P-276","dls_village":14,"dls_basin":33,"dls_plot":276,"neighbourhood_en":"Khalda","neighbourhood_ar":"خلدا","type":"villa","area_m2":575,"admin_value_fils_m2":262442,"market_value_fils_m2":596405,"height_m":25,"offering_id":"OFF-276","spv_name":"Qitaa Khalda 276 LLC","unit_price_fils":10000,"units_offered":9800,"units_sold":2459,"target_net_yield_bps":514,"closes_at":"2026-08-24T05:32:48.895Z"},"geometry":{"type":"Polygon","coordinates":[[[35.8459775,31.982975],[35.84673123781381,31.982975],[35.84673123781381,31.983689769099314],[35.8459775,31.983689769099314],[35.8459775,31.982975]]]}},{"type":"Feature","id":277,"properties":{"id":"P-277","dls_village":14,"dls_basin":33,"dls_plot":277,"neighbourhood_en":"Khalda","neighbourhood_ar":"خلدا","type":"apartment","area_m2":731,"admin_value_fils_m2":224668,"market_value_fils_m2":699012,"height_m":18,"offering_id":"","spv_name":"","unit_price_fils":0,"units_offered":0,"units_sold":0,"target_net_yield_bps":0,"closes_at":""},"geometry":{"type":"Polygon","coordinates":[[[35.846955,31.977025],[35.84754752985014,31.977025],[35.84754752985014,31.97764153447402],[35.846955,31.97764153447402],[35.846955,31.977025]]]}},{"type":"Feature","id":278,"properties":{"id":"P-278","dls_village":14,"dls_basin":33,"dls_plot":278,"neighbourhood_en":"Khalda","neighbourhood_ar":"خلدا","type":"apartment","area_m2":385,"admin_value_fils_m2":253988,"market_value_fils_m2":572950,"height_m":15,"offering_id":"OFF-278","spv_name":"Qitaa Khalda 278 LLC","unit_price_fils":10000,"units_offered":7500,"units_sold":1565,"target_net_yield_bps":571,"closes_at":"2026-09-16T06:07:49.844Z"},"geometry":{"type":"Polygon","coordinates":[[[35.846955,31.977875],[35.84766124348159,31.977875],[35.84766124348159,31.97835641907765],[35.846955,31.97835641907765],[35.846955,31.977875]]]}},{"type":"Feature","id":279,"properties":{"id":"P-279","dls_village":14,"dls_basin":33,"dls_plot":279,"neighbourhood_en":"Khalda","neighbourhood_ar":"خلدا","type":"villa","area_m2":411,"admin_value_fils_m2":235927,"market_value_fils_m2":646891,"height_m":14,"offering_id":"OFF-279","spv_name":"Qitaa Khalda 279 LLC","unit_price_fils":10000,"units_offered":11000,"units_sold":4479,"target_net_yield_bps":600,"closes_at":"2026-08-24T04:31:15.300Z"},"geometry":{"type":"Polygon","coordinates":[[[35.846955,31.978725],[35.84745521253721,31.978725],[35.84745521253721,31.97926873604021],[35.846955,31.97926873604021],[35.846955,31.978725]]]}},{"type":"Feature","id":280,"properties":{"id":"P-280","dls_village":14,"dls_basin":33,"dls_plot":280,"neighbourhood_en":"Khalda","neighbourhood_ar":"خلدا","type":"villa","area_m2":1365,"admin_value_fils_m2":282063,"market_value_fils_m2":590922,"height_m":17,"offering_id":"OFF-280","spv_name":"Qitaa Khalda 280 LLC","unit_price_fils":10000,"units_offered":8500,"units_sold":6527,"target_net_yield_bps":813,"closes_at":"2026-08-21T16:52:17.682Z"},"geometry":{"type":"Polygon","coordinates":[[[35.846955,31.979575],[35.84767605965865,31.979575],[35.84767605965865,31.9800960439646],[35.846955,31.9800960439646],[35.846955,31.979575]]]}},{"type":"Feature","id":281,"properties":{"id":"P-281","dls_village":14,"dls_basin":33,"dls_plot":281,"neighbourhood_en":"Khalda","neighbourhood_ar":"خلدا","type":"apartment","area_m2":1212,"admin_value_fils_m2":285402,"market_value_fils_m2":715253,"height_m":25,"offering_id":"OFF-281","spv_name":"Qitaa Khalda 281 LLC","unit_price_fils":10000,"units_offered":4800,"units_sold":241,"target_net_yield_bps":753,"closes_at":"2026-08-29T16:56:36.314Z"},"geometry":{"type":"Polygon","coordinates":[[[35.846955,31.980425],[35.847610473324906,31.980425],[35.847610473324906,31.981156363896822],[35.846955,31.981156363896822],[35.846955,31.980425]]]}},{"type":"Feature","id":282,"properties":{"id":"P-282","dls_village":14,"dls_basin":33,"dls_plot":282,"neighbourhood_en":"Khalda","neighbourhood_ar":"خلدا","type":"villa","area_m2":704,"admin_value_fils_m2":228568,"market_value_fils_m2":631038,"height_m":14,"offering_id":"","spv_name":"","unit_price_fils":0,"units_offered":0,"units_sold":0,"target_net_yield_bps":0,"closes_at":""},"geometry":{"type":"Polygon","coordinates":[[[35.846955,31.981275],[35.84742883854794,31.981275],[35.84742883854794,31.98194423755917],[35.846955,31.98194423755917],[35.846955,31.981275]]]}},{"type":"Feature","id":283,"properties":{"id":"P-283","dls_village":14,"dls_basin":33,"dls_plot":283,"neighbourhood_en":"Khalda","neighbourhood_ar":"خلدا","type":"apartment","area_m2":563,"admin_value_fils_m2":236293,"market_value_fils_m2":588528,"height_m":26,"offering_id":"","spv_name":"","unit_price_fils":0,"units_offered":0,"units_sold":0,"target_net_yield_bps":0,"closes_at":""},"geometry":{"type":"Polygon","coordinates":[[[35.846955,31.982125],[35.84771714086525,31.982125],[35.84771714086525,31.982668960907244],[35.846955,31.982668960907244],[35.846955,31.982125]]]}},{"type":"Feature","id":284,"properties":{"id":"P-284","dls_village":14,"dls_basin":33,"dls_plot":284,"neighbourhood_en":"Khalda","neighbourhood_ar":"خلدا","type":"villa","area_m2":888,"admin_value_fils_m2":280183,"market_value_fils_m2":525050,"height_m":25,"offering_id":"","spv_name":"","unit_price_fils":0,"units_offered":0,"units_sold":0,"target_net_yield_bps":0,"closes_at":""},"geometry":{"type":"Polygon","coordinates":[[[35.846955,31.982975],[35.847555055088556,31.982975],[35.847555055088556,31.983599002540462],[35.846955,31.983599002540462],[35.846955,31.982975]]]}},{"type":"Feature","id":285,"properties":{"id":"P-285","dls_village":14,"dls_basin":33,"dls_plot":285,"neighbourhood_en":"Khalda","neighbourhood_ar":"خلدا","type":"apartment","area_m2":615,"admin_value_fils_m2":218892,"market_value_fils_m2":754937,"height_m":12,"offering_id":"","spv_name":"","unit_price_fils":0,"units_offered":0,"units_sold":0,"target_net_yield_bps":0,"closes_at":""},"geometry":{"type":"Polygon","coordinates":[[[35.8479325,31.976175],[35.848689451787656,31.976175],[35.848689451787656,31.976687075900603],[35.8479325,31.976687075900603],[35.8479325,31.976175]]]}},{"type":"Feature","id":286,"properties":{"id":"P-286","dls_village":14,"dls_basin":33,"dls_plot":286,"neighbourhood_en":"Khalda","neighbourhood_ar":"خلدا","type":"apartment","area_m2":777,"admin_value_fils_m2":234920,"market_value_fils_m2":587659,"height_m":21,"offering_id":"","spv_name":"","unit_price_fils":0,"units_offered":0,"units_sold":0,"target_net_yield_bps":0,"closes_at":""},"geometry":{"type":"Polygon","coordinates":[[[35.8479325,31.977025],[35.84849234597767,31.977025],[35.84849234597767,31.9777487075821],[35.8479325,31.9777487075821],[35.8479325,31.977025]]]}},{"type":"Feature","id":287,"properties":{"id":"P-287","dls_village":14,"dls_basin":33,"dls_plot":287,"neighbourhood_en":"Khalda","neighbourhood_ar":"خلدا","type":"villa","area_m2":330,"admin_value_fils_m2":272020,"market_value_fils_m2":713781,"height_m":25,"offering_id":"","spv_name":"","unit_price_fils":0,"units_offered":0,"units_sold":0,"target_net_yield_bps":0,"closes_at":""},"geometry":{"type":"Polygon","coordinates":[[[35.8479325,31.977875],[35.84866257716413,31.977875],[35.84866257716413,31.978491853797646],[35.8479325,31.978491853797646],[35.8479325,31.977875]]]}},{"type":"Feature","id":288,"properties":{"id":"P-288","dls_village":14,"dls_basin":33,"dls_plot":288,"neighbourhood_en":"Khalda","neighbourhood_ar":"خلدا","type":"villa","area_m2":597,"admin_value_fils_m2":258510,"market_value_fils_m2":579747,"height_m":13,"offering_id":"","spv_name":"","unit_price_fils":0,"units_offered":0,"units_sold":0,"target_net_yield_bps":0,"closes_at":""},"geometry":{"type":"Polygon","coordinates":[[[35.8479325,31.979575],[35.84853101967423,31.979575],[35.84853101967423,31.980285986468285],[35.8479325,31.980285986468285],[35.8479325,31.979575]]]}},{"type":"Feature","id":289,"properties":{"id":"P-289","dls_village":14,"dls_basin":33,"dls_plot":289,"neighbourhood_en":"Khalda","neighbourhood_ar":"خلدا","type":"villa","area_m2":767,"admin_value_fils_m2":265738,"market_value_fils_m2":816282,"height_m":16,"offering_id":"","spv_name":"","unit_price_fils":0,"units_offered":0,"units_sold":0,"target_net_yield_bps":0,"closes_at":""},"geometry":{"type":"Polygon","coordinates":[[[35.8479325,31.981275],[35.848476968112585,31.981275],[35.848476968112585,31.98176033564406],[35.8479325,31.98176033564406],[35.8479325,31.981275]]]}},{"type":"Feature","id":290,"properties":{"id":"P-290","dls_village":14,"dls_basin":33,"dls_plot":290,"neighbourhood_en":"Khalda","neighbourhood_ar":"خلدا","type":"villa","area_m2":899,"admin_value_fils_m2":248170,"market_value_fils_m2":759095,"height_m":18,"offering_id":"","spv_name":"","unit_price_fils":0,"units_offered":0,"units_sold":0,"target_net_yield_bps":0,"closes_at":""},"geometry":{"type":"Polygon","coordinates":[[[35.8479325,31.982975],[35.84844999623228,31.982975],[35.84844999623228,31.98351877061572],[35.8479325,31.98351877061572],[35.8479325,31.982975]]]}},{"type":"Feature","id":291,"properties":{"id":"P-291","dls_village":18,"dls_basin":41,"dls_plot":291,"neighbourhood_en":"Dabouq","neighbourhood_ar":"دابوق","type":"villa","area_m2":888,"admin_value_fils_m2":170386,"market_value_fils_m2":454780,"height_m":10,"offering_id":"","spv_name":"","unit_price_fils":0,"units_offered":0,"units_sold":0,"target_net_yield_bps":0,"closes_at":""},"geometry":{"type":"Polygon","coordinates":[[[35.80109,31.991175000000002],[35.801741279860565,31.991175000000002],[35.801741279860565,31.99172513035178],[35.80109,31.99172513035178],[35.80109,31.991175000000002]]]}},{"type":"Feature","id":292,"properties":{"id":"P-292","dls_village":18,"dls_basin":41,"dls_plot":292,"neighbourhood_en":"Dabouq","neighbourhood_ar":"دابوق","type":"land","area_m2":455,"admin_value_fils_m2":163924,"market_value_fils_m2":622594,"height_m":7,"offering_id":"OFF-292","spv_name":"Qitaa Dabouq 292 LLC","unit_price_fils":10000,"units_offered":3900,"units_sold":3650,"target_net_yield_bps":662,"closes_at":"2026-10-13T10:04:41.595Z"},"geometry":{"type":"Polygon","coordinates":[[[35.80109,31.992025],[35.80171874443163,31.992025],[35.80171874443163,31.99267279478347],[35.80109,31.99267279478347],[35.80109,31.992025]]]}},{"type":"Feature","id":293,"properties":{"id":"P-293","dls_village":18,"dls_basin":41,"dls_plot":293,"neighbourhood_en":"Dabouq","neighbourhood_ar":"دابوق","type":"land","area_m2":395,"admin_value_fils_m2":184787,"market_value_fils_m2":534887,"height_m":7,"offering_id":"","spv_name":"","unit_price_fils":0,"units_offered":0,"units_sold":0,"target_net_yield_bps":0,"closes_at":""},"geometry":{"type":"Polygon","coordinates":[[[35.80109,31.992875],[35.80168940225097,31.992875],[35.80168940225097,31.993602020273357],[35.80109,31.993602020273357],[35.80109,31.992875]]]}},{"type":"Feature","id":294,"properties":{"id":"P-294","dls_village":18,"dls_basin":41,"dls_plot":294,"neighbourhood_en":"Dabouq","neighbourhood_ar":"دابوق","type":"land","area_m2":1270,"admin_value_fils_m2":194049,"market_value_fils_m2":467130,"height_m":7,"offering_id":"","spv_name":"","unit_price_fils":0,"units_offered":0,"units_sold":0,"target_net_yield_bps":0,"closes_at":""},"geometry":{"type":"Polygon","coordinates":[[[35.80109,31.993725],[35.801574616287255,31.993725],[35.801574616287255,31.994365771736017],[35.80109,31.994365771736017],[35.80109,31.993725]]]}},{"type":"Feature","id":295,"properties":{"id":"P-295","dls_village":18,"dls_basin":41,"dls_plot":295,"neighbourhood_en":"Dabouq","neighbourhood_ar":"دابوق","type":"land","area_m2":489,"admin_value_fils_m2":174590,"market_value_fils_m2":453418,"height_m":8,"offering_id":"OFF-295","spv_name":"Qitaa Dabouq 295 LLC","unit_price_fils":10000,"units_offered":10900,"units_sold":4016,"target_net_yield_bps":771,"closes_at":"2026-09-06T22:40:05.118Z"},"geometry":{"type":"Polygon","coordinates":[[[35.80109,31.994575],[35.80179498803865,31.994575],[35.80179498803865,31.995277766851622],[35.80109,31.995277766851622],[35.80109,31.994575]]]}},{"type":"Feature","id":296,"properties":{"id":"P-296","dls_village":18,"dls_basin":41,"dls_plot":296,"neighbourhood_en":"Dabouq","neighbourhood_ar":"دابوق","type":"villa","area_m2":1022,"admin_value_fils_m2":209016,"market_value_fils_m2":519048,"height_m":9,"offering_id":"","spv_name":"","unit_price_fils":0,"units_offered":0,"units_sold":0,"target_net_yield_bps":0,"closes_at":""},"geometry":{"type":"Polygon","coordinates":[[[35.80109,31.995425],[35.80164912884323,31.995425],[35.80164912884323,31.996030503505974],[35.80109,31.996030503505974],[35.80109,31.995425]]]}},{"type":"Feature","id":297,"properties":{"id":"P-297","dls_village":18,"dls_basin":41,"dls_plot":297,"neighbourhood_en":"Dabouq","neighbourhood_ar":"دابوق","type":"villa","area_m2":449,"admin_value_fils_m2":167553,"market_value_fils_m2":452619,"height_m":7,"offering_id":"","spv_name":"","unit_price_fils":0,"units_offered":0,"units_sold":0,"target_net_yield_bps":0,"closes_at":""},"geometry":{"type":"Polygon","coordinates":[[[35.80109,31.997125],[35.80166762623415,31.997125],[35.80166762623415,31.997635126468623],[35.80109,31.997635126468623],[35.80109,31.997125]]]}},{"type":"Feature","id":298,"properties":{"id":"P-298","dls_village":18,"dls_basin":41,"dls_plot":298,"neighbourhood_en":"Dabouq","neighbourhood_ar":"دابوق","type":"land","area_m2":585,"admin_value_fils_m2":218389,"market_value_fils_m2":492635,"height_m":9,"offering_id":"","spv_name":"","unit_price_fils":0,"units_offered":0,"units_sold":0,"target_net_yield_bps":0,"closes_at":""},"geometry":{"type":"Polygon","coordinates":[[[35.80109,31.997975],[35.80165630323684,31.997975],[35.80165630323684,31.998590526772134],[35.80109,31.998590526772134],[35.80109,31.997975]]]}},{"type":"Feature","id":299,"properties":{"id":"P-299","dls_village":18,"dls_basin":41,"dls_plot":299,"neighbourhood_en":"Dabouq","neighbourhood_ar":"دابوق","type":"villa","area_m2":801,"admin_value_fils_m2":218272,"market_value_fils_m2":529672,"height_m":7,"offering_id":"OFF-299","spv_name":"Qitaa Dabouq 299 LLC","unit_price_fils":10000,"units_offered":3800,"units_sold":1693,"target_net_yield_bps":737,"closes_at":"2026-11-02T00:50:49.901Z"},"geometry":{"type":"Polygon","coordinates":[[[35.8020675,31.992025],[35.80257828969877,31.992025],[35.80257828969877,31.992766075998958],[35.8020675,31.992766075998958],[35.8020675,31.992025]]]}},{"type":"Feature","id":300,"properties":{"id":"P-300","dls_village":18,"dls_basin":41,"dls_plot":300,"neighbourhood_en":"Dabouq","neighbourhood_ar":"دابوق","type":"villa","area_m2":447,"admin_value_fils_m2":189547,"market_value_fils_m2":566922,"height_m":12,"offering_id":"","spv_name":"","unit_price_fils":0,"units_offered":0,"units_sold":0,"target_net_yield_bps":0,"closes_at":""},"geometry":{"type":"Polygon","coordinates":[[[35.8020675,31.992875],[35.80268955151735,31.992875],[35.80268955151735,31.993482150940874],[35.8020675,31.993482150940874],[35.8020675,31.992875]]]}},{"type":"Feature","id":301,"properties":{"id":"P-301","dls_village":18,"dls_basin":41,"dls_plot":301,"neighbourhood_en":"Dabouq","neighbourhood_ar":"دابوق","type":"villa","area_m2":1346,"admin_value_fils_m2":184022,"market_value_fils_m2":556854,"height_m":11,"offering_id":"OFF-301","spv_name":"Qitaa Dabouq 301 LLC","unit_price_fils":10000,"units_offered":10300,"units_sold":2484,"target_net_yield_bps":570,"closes_at":"2026-09-10T07:13:44.824Z"},"geometry":{"type":"Polygon","coordinates":[[[35.8020675,31.993725],[35.80257571485559,31.993725],[35.80257571485559,31.994360234882222],[35.8020675,31.994360234882222],[35.8020675,31.993725]]]}},{"type":"Feature","id":302,"properties":{"id":"P-302","dls_village":18,"dls_basin":41,"dls_plot":302,"neighbourhood_en":"Dabouq","neighbourhood_ar":"دابوق","type":"villa","area_m2":762,"admin_value_fils_m2":186197,"market_value_fils_m2":587664,"height_m":8,"offering_id":"OFF-302","spv_name":"Qitaa Dabouq 302 LLC","unit_price_fils":10000,"units_offered":7400,"units_sold":4596,"target_net_yield_bps":529,"closes_at":"2026-09-26T23:21:05.633Z"},"geometry":{"type":"Polygon","coordinates":[[[35.8020675,31.994575],[35.80281158586027,31.994575],[35.80281158586027,31.995264291037387],[35.8020675,31.995264291037387],[35.8020675,31.994575]]]}},{"type":"Feature","id":303,"properties":{"id":"P-303","dls_village":18,"dls_basin":41,"dls_plot":303,"neighbourhood_en":"Dabouq","neighbourhood_ar":"دابوق","type":"land","area_m2":560,"admin_value_fils_m2":209617,"market_value_fils_m2":454190,"height_m":10,"offering_id":"OFF-303","spv_name":"Qitaa Dabouq 303 LLC","unit_price_fils":10000,"units_offered":2800,"units_sold":1697,"target_net_yield_bps":634,"closes_at":"2026-10-31T13:01:46.462Z"},"geometry":{"type":"Polygon","coordinates":[[[35.8020675,31.996275],[35.80258071549041,31.996275],[35.80258071549041,31.996839395605903],[35.8020675,31.996839395605903],[35.8020675,31.996275]]]}},{"type":"Feature","id":304,"properties":{"id":"P-304","dls_village":18,"dls_basin":41,"dls_plot":304,"neighbourhood_en":"Dabouq","neighbourhood_ar":"دابوق","type":"land","area_m2":352,"admin_value_fils_m2":216107,"market_value_fils_m2":572000,"height_m":12,"offering_id":"","spv_name":"","unit_price_fils":0,"units_offered":0,"units_sold":0,"target_net_yield_bps":0,"closes_at":""},"geometry":{"type":"Polygon","coordinates":[[[35.8020675,31.997125],[35.8028188085174,31.997125],[35.8028188085174,31.99783515962429],[35.8020675,31.99783515962429],[35.8020675,31.997125]]]}},{"type":"Feature","id":305,"properties":{"id":"P-305","dls_village":18,"dls_basin":41,"dls_plot":305,"neighbourhood_en":"Dabouq","neighbourhood_ar":"دابوق","type":"villa","area_m2":941,"admin_value_fils_m2":169818,"market_value_fils_m2":591707,"height_m":10,"offering_id":"","spv_name":"","unit_price_fils":0,"units_offered":0,"units_sold":0,"target_net_yield_bps":0,"closes_at":""},"geometry":{"type":"Polygon","coordinates":[[[35.803045,31.991175000000002],[35.80368520395401,31.991175000000002],[35.80368520395401,31.99167678827497],[35.803045,31.99167678827497],[35.803045,31.991175000000002]]]}},{"type":"Feature","id":306,"properties":{"id":"P-306","dls_village":18,"dls_basin":41,"dls_plot":306,"neighbourhood_en":"Dabouq","neighbourhood_ar":"دابوق","type":"villa","area_m2":1106,"admin_value_fils_m2":167530,"market_value_fils_m2":611366,"height_m":9,"offering_id":"OFF-306","spv_name":"Qitaa Dabouq 306 LLC","unit_price_fils":10000,"units_offered":6400,"units_sold":3042,"target_net_yield_bps":753,"closes_at":"2026-10-26T20:30:04.907Z"},"geometry":{"type":"Polygon","coordinates":[[[35.803045,31.992025],[35.80379476050949,31.992025],[35.80379476050949,31.99268479319252],[35.803045,31.99268479319252],[35.803045,31.992025]]]}},{"type":"Feature","id":307,"properties":{"id":"P-307","dls_village":18,"dls_basin":41,"dls_plot":307,"neighbourhood_en":"Dabouq","neighbourhood_ar":"دابوق","type":"villa","area_m2":418,"admin_value_fils_m2":201356,"market_value_fils_m2":469728,"height_m":10,"offering_id":"","spv_name":"","unit_price_fils":0,"units_offered":0,"units_sold":0,"target_net_yield_bps":0,"closes_at":""},"geometry":{"type":"Polygon","coordinates":[[[35.803045,31.992875],[35.80364611577881,31.992875],[35.80364611577881,31.99338196419964],[35.803045,31.99338196419964],[35.803045,31.992875]]]}},{"type":"Feature","id":308,"properties":{"id":"P-308","dls_village":18,"dls_basin":41,"dls_plot":308,"neighbourhood_en":"Dabouq","neighbourhood_ar":"دابوق","type":"land","area_m2":1174,"admin_value_fils_m2":168182,"market_value_fils_m2":413665,"height_m":6,"offering_id":"","spv_name":"","unit_price_fils":0,"units_offered":0,"units_sold":0,"target_net_yield_bps":0,"closes_at":""},"geometry":{"type":"Polygon","coordinates":[[[35.803045,31.993725],[35.80356233391054,31.993725],[35.80356233391054,31.994210179144154],[35.803045,31.994210179144154],[35.803045,31.993725]]]}},{"type":"Feature","id":309,"properties":{"id":"P-309","dls_village":18,"dls_basin":41,"dls_plot":309,"neighbourhood_en":"Dabouq","neighbourhood_ar":"دابوق","type":"land","area_m2":369,"admin_value_fils_m2":191923,"market_value_fils_m2":559353,"height_m":6,"offering_id":"","spv_name":"","unit_price_fils":0,"units_offered":0,"units_sold":0,"target_net_yield_bps":0,"closes_at":""},"geometry":{"type":"Polygon","coordinates":[[[35.803045,31.994575],[35.803762798324804,31.994575],[35.803762798324804,31.995304323915757],[35.803045,31.995304323915757],[35.803045,31.994575]]]}},{"type":"Feature","id":310,"properties":{"id":"P-310","dls_village":18,"dls_basin":41,"dls_plot":310,"neighbourhood_en":"Dabouq","neighbourhood_ar":"دابوق","type":"villa","area_m2":817,"admin_value_fils_m2":174439,"market_value_fils_m2":605187,"height_m":6,"offering_id":"","spv_name":"","unit_price_fils":0,"units_offered":0,"units_sold":0,"target_net_yield_bps":0,"closes_at":""},"geometry":{"type":"Polygon","coordinates":[[[35.803045,31.995425],[35.80366392574077,31.995425],[35.80366392574077,31.996076397139763],[35.803045,31.996076397139763],[35.803045,31.995425]]]}},{"type":"Feature","id":311,"properties":{"id":"P-311","dls_village":18,"dls_basin":41,"dls_plot":311,"neighbourhood_en":"Dabouq","neighbourhood_ar":"دابوق","type":"land","area_m2":822,"admin_value_fils_m2":168993,"market_value_fils_m2":532986,"height_m":8,"offering_id":"","spv_name":"","unit_price_fils":0,"units_offered":0,"units_sold":0,"target_net_yield_bps":0,"closes_at":""},"geometry":{"type":"Polygon","coordinates":[[[35.803045,31.996275],[35.80370089516753,31.996275],[35.80370089516753,31.99677646278858],[35.803045,31.99677646278858],[35.803045,31.996275]]]}},{"type":"Feature","id":312,"properties":{"id":"P-312","dls_village":18,"dls_basin":41,"dls_plot":312,"neighbourhood_en":"Dabouq","neighbourhood_ar":"دابوق","type":"land","area_m2":909,"admin_value_fils_m2":175268,"market_value_fils_m2":640768,"height_m":8,"offering_id":"OFF-312","spv_name":"Qitaa Dabouq 312 LLC","unit_price_fils":10000,"units_offered":7800,"units_sold":1438,"target_net_yield_bps":715,"closes_at":"2026-10-01T07:06:09.354Z"},"geometry":{"type":"Polygon","coordinates":[[[35.803045,31.997125],[35.8035156861721,31.997125],[35.8035156861721,31.99759334151449],[35.803045,31.99759334151449],[35.803045,31.997125]]]}},{"type":"Feature","id":313,"properties":{"id":"P-313","dls_village":18,"dls_basin":41,"dls_plot":313,"neighbourhood_en":"Dabouq","neighbourhood_ar":"دابوق","type":"villa","area_m2":994,"admin_value_fils_m2":191389,"market_value_fils_m2":490842,"height_m":12,"offering_id":"","spv_name":"","unit_price_fils":0,"units_offered":0,"units_sold":0,"target_net_yield_bps":0,"closes_at":""},"geometry":{"type":"Polygon","coordinates":[[[35.8040225,31.992025],[35.804586807854236,31.992025],[35.804586807854236,31.99256629772785],[35.8040225,31.99256629772785],[35.8040225,31.992025]]]}},{"type":"Feature","id":314,"properties":{"id":"P-314","dls_village":18,"dls_basin":41,"dls_plot":314,"neighbourhood_en":"Dabouq","neighbourhood_ar":"دابوق","type":"villa","area_m2":714,"admin_value_fils_m2":201987,"market_value_fils_m2":423287,"height_m":7,"offering_id":"OFF-314","spv_name":"Qitaa Dabouq 314 LLC","unit_price_fils":10000,"units_offered":9500,"units_sold":7661,"target_net_yield_bps":585,"closes_at":"2026-10-20T10:21:36.412Z"},"geometry":{"type":"Polygon","coordinates":[[[35.8040225,31.993725],[35.8045157501654,31.993725],[35.8045157501654,31.994339290877765],[35.8040225,31.994339290877765],[35.8040225,31.993725]]]}},{"type":"Feature","id":315,"properties":{"id":"P-315","dls_village":18,"dls_basin":41,"dls_plot":315,"neighbourhood_en":"Dabouq","neighbourhood_ar":"دابوق","type":"land","area_m2":1027,"admin_value_fils_m2":180471,"market_value_fils_m2":419539,"height_m":11,"offering_id":"","spv_name":"","unit_price_fils":0,"units_offered":0,"units_sold":0,"target_net_yield_bps":0,"closes_at":""},"geometry":{"type":"Polygon","coordinates":[[[35.8040225,31.994575],[35.80460748079416,31.994575],[35.80460748079416,31.99510663024552],[35.8040225,31.99510663024552],[35.8040225,31.994575]]]}},{"type":"Feature","id":316,"properties":{"id":"P-316","dls_village":18,"dls_basin":41,"dls_plot":316,"neighbourhood_en":"Dabouq","neighbourhood_ar":"دابوق","type":"villa","area_m2":858,"admin_value_fils_m2":199351,"market_value_fils_m2":462903,"height_m":11,"offering_id":"","spv_name":"","unit_price_fils":0,"units_offered":0,"units_sold":0,"target_net_yield_bps":0,"closes_at":""},"geometry":{"type":"Polygon","coordinates":[[[35.8040225,31.995425],[35.80476075340725,31.995425],[35.80476075340725,31.99616793426086],[35.8040225,31.99616793426086],[35.8040225,31.995425]]]}},{"type":"Feature","id":317,"properties":{"id":"P-317","dls_village":18,"dls_basin":41,"dls_plot":317,"neighbourhood_en":"Dabouq","neighbourhood_ar":"دابوق","type":"land","area_m2":934,"admin_value_fils_m2":192369,"market_value_fils_m2":547485,"height_m":10,"offering_id":"OFF-317","spv_name":"Qitaa Dabouq 317 LLC","unit_price_fils":10000,"units_offered":6500,"units_sold":3339,"target_net_yield_bps":688,"closes_at":"2026-10-15T13:53:06.546Z"},"geometry":{"type":"Polygon","coordinates":[[[35.8040225,31.997125],[35.80451275235345,31.997125],[35.80451275235345,31.997773854729598],[35.8040225,31.997773854729598],[35.8040225,31.997125]]]}},{"type":"Feature","id":318,"properties":{"id":"P-318","dls_village":18,"dls_basin":41,"dls_plot":318,"neighbourhood_en":"Dabouq","neighbourhood_ar":"دابوق","type":"land","area_m2":1319,"admin_value_fils_m2":216107,"market_value_fils_m2":660736,"height_m":6,"offering_id":"","spv_name":"","unit_price_fils":0,"units_offered":0,"units_sold":0,"target_net_yield_bps":0,"closes_at":""},"geometry":{"type":"Polygon","coordinates":[[[35.8040225,31.997975],[35.80449707954975,31.997975],[35.80449707954975,31.9986252762304],[35.8040225,31.9986252762304],[35.8040225,31.997975]]]}},{"type":"Feature","id":319,"properties":{"id":"P-319","dls_village":18,"dls_basin":41,"dls_plot":319,"neighbourhood_en":"Dabouq","neighbourhood_ar":"دابوق","type":"land","area_m2":1206,"admin_value_fils_m2":187374,"market_value_fils_m2":558750,"height_m":12,"offering_id":"","spv_name":"","unit_price_fils":0,"units_offered":0,"units_sold":0,"target_net_yield_bps":0,"closes_at":""},"geometry":{"type":"Polygon","coordinates":[[[35.805,31.991175000000002],[35.80553001077264,31.991175000000002],[35.80553001077264,31.991831566959785],[35.805,31.991831566959785],[35.805,31.991175000000002]]]}},{"type":"Feature","id":320,"properties":{"id":"P-320","dls_village":18,"dls_basin":41,"dls_plot":320,"neighbourhood_en":"Dabouq","neighbourhood_ar":"دابوق","type":"villa","area_m2":1161,"admin_value_fils_m2":192974,"market_value_fils_m2":664287,"height_m":6,"offering_id":"","spv_name":"","unit_price_fils":0,"units_offered":0,"units_sold":0,"target_net_yield_bps":0,"closes_at":""},"geometry":{"type":"Polygon","coordinates":[[[35.805,31.992025],[35.805696532460644,31.992025],[35.805696532460644,31.992634285269986],[35.805,31.992634285269986],[35.805,31.992025]]]}},{"type":"Feature","id":321,"properties":{"id":"P-321","dls_village":18,"dls_basin":41,"dls_plot":321,"neighbourhood_en":"Dabouq","neighbourhood_ar":"دابوق","type":"villa","area_m2":1271,"admin_value_fils_m2":206515,"market_value_fils_m2":513651,"height_m":11,"offering_id":"","spv_name":"","unit_price_fils":0,"units_offered":0,"units_sold":0,"target_net_yield_bps":0,"closes_at":""},"geometry":{"type":"Polygon","coordinates":[[[35.805,31.992875],[35.805534677684236,31.992875],[35.805534677684236,31.993402588135783],[35.805,31.993402588135783],[35.805,31.992875]]]}},{"type":"Feature","id":322,"properties":{"id":"P-322","dls_village":18,"dls_basin":41,"dls_plot":322,"neighbourhood_en":"Dabouq","neighbourhood_ar":"دابوق","type":"land","area_m2":783,"admin_value_fils_m2":171893,"market_value_fils_m2":603219,"height_m":10,"offering_id":"","spv_name":"","unit_price_fils":0,"units_offered":0,"units_sold":0,"target_net_yield_bps":0,"closes_at":""},"geometry":{"type":"Polygon","coordinates":[[[35.805,31.993725],[35.80573028164211,31.993725],[35.80573028164211,31.994360567583747],[35.805,31.994360567583747],[35.805,31.993725]]]}},{"type":"Feature","id":323,"properties":{"id":"P-323","dls_village":18,"dls_basin":41,"dls_plot":323,"neighbourhood_en":"Dabouq","neighbourhood_ar":"دابوق","type":"villa","area_m2":1103,"admin_value_fils_m2":184544,"market_value_fils_m2":511265,"height_m":10,"offering_id":"","spv_name":"","unit_price_fils":0,"units_offered":0,"units_sold":0,"target_net_yield_bps":0,"closes_at":""},"geometry":{"type":"Polygon","coordinates":[[[35.805,31.994575],[35.80546922721607,31.994575],[35.80546922721607,31.995067060582056],[35.805,31.995067060582056],[35.805,31.994575]]]}},{"type":"Feature","id":324,"properties":{"id":"P-324","dls_village":18,"dls_basin":41,"dls_plot":324,"neighbourhood_en":"Dabouq","neighbourhood_ar":"دابوق","type":"villa","area_m2":1190,"admin_value_fils_m2":180293,"market_value_fils_m2":436535,"height_m":12,"offering_id":"","spv_name":"","unit_price_fils":0,"units_offered":0,"units_sold":0,"target_net_yield_bps":0,"closes_at":""},"geometry":{"type":"Polygon","coordinates":[[[35.805,31.995425],[35.80557930810256,31.995425],[35.80557930810256,31.995972147582293],[35.805,31.995972147582293],[35.805,31.995425]]]}},{"type":"Feature","id":325,"properties":{"id":"P-325","dls_village":18,"dls_basin":41,"dls_plot":325,"neighbourhood_en":"Dabouq","neighbourhood_ar":"دابوق","type":"land","area_m2":1240,"admin_value_fils_m2":210929,"market_value_fils_m2":538476,"height_m":11,"offering_id":"OFF-325","spv_name":"Qitaa Dabouq 325 LLC","unit_price_fils":10000,"units_offered":4200,"units_sold":2415,"target_net_yield_bps":798,"closes_at":"2026-10-28T18:33:02.861Z"},"geometry":{"type":"Polygon","coordinates":[[[35.805,31.996275],[35.8057237307,31.996275],[35.8057237307,31.99697114629294],[35.805,31.99697114629294],[35.805,31.996275]]]}},{"type":"Feature","id":326,"properties":{"id":"P-326","dls_village":18,"dls_basin":41,"dls_plot":326,"neighbourhood_en":"Dabouq","neighbourhood_ar":"دابوق","type":"land","area_m2":997,"admin_value_fils_m2":174238,"market_value_fils_m2":448606,"height_m":7,"offering_id":"OFF-326","spv_name":"Qitaa Dabouq 326 LLC","unit_price_fils":10000,"units_offered":7100,"units_sold":2898,"target_net_yield_bps":805,"closes_at":"2026-09-01T10:03:46.689Z"},"geometry":{"type":"Polygon","coordinates":[[[35.805,31.997125],[35.80549983053274,31.997125],[35.80549983053274,31.997867735178925],[35.805,31.997867735178925],[35.805,31.997125]]]}},{"type":"Feature","id":327,"properties":{"id":"P-327","dls_village":18,"dls_basin":41,"dls_plot":327,"neighbourhood_en":"Dabouq","neighbourhood_ar":"دابوق","type":"land","area_m2":853,"admin_value_fils_m2":168965,"market_value_fils_m2":409480,"height_m":9,"offering_id":"","spv_name":"","unit_price_fils":0,"units_offered":0,"units_sold":0,"target_net_yield_bps":0,"closes_at":""},"geometry":{"type":"Polygon","coordinates":[[[35.8059775,31.991175000000002],[35.80657514079138,31.991175000000002],[35.80657514079138,31.991771002923798],[35.8059775,31.991771002923798],[35.8059775,31.991175000000002]]]}},{"type":"Feature","id":328,"properties":{"id":"P-328","dls_village":18,"dls_basin":41,"dls_plot":328,"neighbourhood_en":"Dabouq","neighbourhood_ar":"دابوق","type":"villa","area_m2":1296,"admin_value_fils_m2":196606,"market_value_fils_m2":633490,"height_m":12,"offering_id":"","spv_name":"","unit_price_fils":0,"units_offered":0,"units_sold":0,"target_net_yield_bps":0,"closes_at":""},"geometry":{"type":"Polygon","coordinates":[[[35.8059775,31.992025],[35.80659648643706,31.992025],[35.80659648643706,31.992556873541208],[35.8059775,31.992556873541208],[35.8059775,31.992025]]]}},{"type":"Feature","id":329,"properties":{"id":"P-329","dls_village":18,"dls_basin":41,"dls_plot":329,"neighbourhood_en":"Dabouq","neighbourhood_ar":"دابوق","type":"villa","area_m2":1094,"admin_value_fils_m2":194611,"market_value_fils_m2":407481,"height_m":11,"offering_id":"","spv_name":"","unit_price_fils":0,"units_offered":0,"units_sold":0,"target_net_yield_bps":0,"closes_at":""},"geometry":{"type":"Polygon","coordinates":[[[35.8059775,31.992875],[35.806647303812234,31.992875],[35.806647303812234,31.993510790511028],[35.8059775,31.993510790511028],[35.8059775,31.992875]]]}},{"type":"Feature","id":330,"properties":{"id":"P-330","dls_village":18,"dls_basin":41,"dls_plot":330,"neighbourhood_en":"Dabouq","neighbourhood_ar":"دابوق","type":"land","area_m2":628,"admin_value_fils_m2":175934,"market_value_fils_m2":527046,"height_m":7,"offering_id":"","spv_name":"","unit_price_fils":0,"units_offered":0,"units_sold":0,"target_net_yield_bps":0,"closes_at":""},"geometry":{"type":"Polygon","coordinates":[[[35.8059775,31.995425],[35.80650247848456,31.995425],[35.80650247848456,31.996122244842876],[35.8059775,31.996122244842876],[35.8059775,31.995425]]]}},{"type":"Feature","id":331,"properties":{"id":"P-331","dls_village":18,"dls_basin":41,"dls_plot":331,"neighbourhood_en":"Dabouq","neighbourhood_ar":"دابوق","type":"land","area_m2":945,"admin_value_fils_m2":194309,"market_value_fils_m2":410414,"height_m":8,"offering_id":"","spv_name":"","unit_price_fils":0,"units_offered":0,"units_sold":0,"target_net_yield_bps":0,"closes_at":""},"geometry":{"type":"Polygon","coordinates":[[[35.8059775,31.996275],[35.806479160746726,31.996275],[35.806479160746726,31.996757172337038],[35.8059775,31.996757172337038],[35.8059775,31.996275]]]}},{"type":"Feature","id":332,"properties":{"id":"P-332","dls_village":18,"dls_basin":41,"dls_plot":332,"neighbourhood_en":"Dabouq","neighbourhood_ar":"دابوق","type":"land","area_m2":610,"admin_value_fils_m2":218069,"market_value_fils_m2":422812,"height_m":6,"offering_id":"","spv_name":"","unit_price_fils":0,"units_offered":0,"units_sold":0,"target_net_yield_bps":0,"closes_at":""},"geometry":{"type":"Polygon","coordinates":[[[35.8059775,31.997125],[35.80667267721259,31.997125],[35.80667267721259,31.997832519114848],[35.8059775,31.997832519114848],[35.8059775,31.997125]]]}},{"type":"Feature","id":333,"properties":{"id":"P-333","dls_village":18,"dls_basin":41,"dls_plot":333,"neighbourhood_en":"Dabouq","neighbourhood_ar":"دابوق","type":"villa","area_m2":710,"admin_value_fils_m2":179750,"market_value_fils_m2":563776,"height_m":9,"offering_id":"","spv_name":"","unit_price_fils":0,"units_offered":0,"units_sold":0,"target_net_yield_bps":0,"closes_at":""},"geometry":{"type":"Polygon","coordinates":[[[35.806955,31.991175000000002],[35.807439257611115,31.991175000000002],[35.807439257611115,31.991872865405934],[35.806955,31.991872865405934],[35.806955,31.991175000000002]]]}},{"type":"Feature","id":334,"properties":{"id":"P-334","dls_village":18,"dls_basin":41,"dls_plot":334,"neighbourhood_en":"Dabouq","neighbourhood_ar":"دابوق","type":"land","area_m2":1244,"admin_value_fils_m2":183136,"market_value_fils_m2":456268,"height_m":10,"offering_id":"","spv_name":"","unit_price_fils":0,"units_offered":0,"units_sold":0,"target_net_yield_bps":0,"closes_at":""},"geometry":{"type":"Polygon","coordinates":[[[35.806955,31.992025],[35.80753089972308,31.992025],[35.80753089972308,31.992564287417977],[35.806955,31.992564287417977],[35.806955,31.992025]]]}},{"type":"Feature","id":335,"properties":{"id":"P-335","dls_village":18,"dls_basin":41,"dls_plot":335,"neighbourhood_en":"Dabouq","neighbourhood_ar":"دابوق","type":"land","area_m2":532,"admin_value_fils_m2":194791,"market_value_fils_m2":587769,"height_m":10,"offering_id":"OFF-335","spv_name":"Qitaa Dabouq 335 LLC","unit_price_fils":10000,"units_offered":11600,"units_sold":894,"target_net_yield_bps":817,"closes_at":"2026-10-15T05:39:40.775Z"},"geometry":{"type":"Polygon","coordinates":[[[35.806955,31.992875],[35.80749653319026,31.992875],[35.80749653319026,31.99335625055983],[35.806955,31.99335625055983],[35.806955,31.992875]]]}},{"type":"Feature","id":336,"properties":{"id":"P-336","dls_village":18,"dls_basin":41,"dls_plot":336,"neighbourhood_en":"Dabouq","neighbourhood_ar":"دابوق","type":"land","area_m2":1226,"admin_value_fils_m2":205047,"market_value_fils_m2":451640,"height_m":8,"offering_id":"","spv_name":"","unit_price_fils":0,"units_offered":0,"units_sold":0,"target_net_yield_bps":0,"closes_at":""},"geometry":{"type":"Polygon","coordinates":[[[35.806955,31.994575],[35.80767048299213,31.994575],[35.80767048299213,31.995190195692146],[35.806955,31.995190195692146],[35.806955,31.994575]]]}},{"type":"Feature","id":337,"properties":{"id":"P-337","dls_village":18,"dls_basin":41,"dls_plot":337,"neighbourhood_en":"Dabouq","neighbourhood_ar":"دابوق","type":"land","area_m2":942,"admin_value_fils_m2":191862,"market_value_fils_m2":639518,"height_m":8,"offering_id":"","spv_name":"","unit_price_fils":0,"units_offered":0,"units_sold":0,"target_net_yield_bps":0,"closes_at":""},"geometry":{"type":"Polygon","coordinates":[[[35.806955,31.995425],[35.807670488141305,31.995425],[35.807670488141305,31.99598363270968],[35.806955,31.99598363270968],[35.806955,31.995425]]]}},{"type":"Feature","id":338,"properties":{"id":"P-338","dls_village":18,"dls_basin":41,"dls_plot":338,"neighbourhood_en":"Dabouq","neighbourhood_ar":"دابوق","type":"land","area_m2":474,"admin_value_fils_m2":211737,"market_value_fils_m2":436311,"height_m":7,"offering_id":"","spv_name":"","unit_price_fils":0,"units_offered":0,"units_sold":0,"target_net_yield_bps":0,"closes_at":""},"geometry":{"type":"Polygon","coordinates":[[[35.806955,31.996275],[35.80755330690464,31.996275],[35.80755330690464,31.996850663603603],[35.806955,31.996850663603603],[35.806955,31.996275]]]}},{"type":"Feature","id":339,"properties":{"id":"P-339","dls_village":18,"dls_basin":41,"dls_plot":339,"neighbourhood_en":"Dabouq","neighbourhood_ar":"دابوق","type":"villa","area_m2":1090,"admin_value_fils_m2":218110,"market_value_fils_m2":627318,"height_m":6,"offering_id":"","spv_name":"","unit_price_fils":0,"units_offered":0,"units_sold":0,"target_net_yield_bps":0,"closes_at":""},"geometry":{"type":"Polygon","coordinates":[[[35.806955,31.997125],[35.807703767441254,31.997125],[35.807703767441254,31.997707878485986],[35.806955,31.997707878485986],[35.806955,31.997125]]]}},{"type":"Feature","id":340,"properties":{"id":"P-340","dls_village":18,"dls_basin":41,"dls_plot":340,"neighbourhood_en":"Dabouq","neighbourhood_ar":"دابوق","type":"villa","area_m2":531,"admin_value_fils_m2":217361,"market_value_fils_m2":627877,"height_m":12,"offering_id":"OFF-340","spv_name":"Qitaa Dabouq 340 LLC","unit_price_fils":10000,"units_offered":3600,"units_sold":637,"target_net_yield_bps":651,"closes_at":"2026-09-09T13:18:56.786Z"},"geometry":{"type":"Polygon","coordinates":[[[35.806955,31.997975],[35.80763065079438,31.997975],[35.80763065079438,31.998643737444837],[35.806955,31.998643737444837],[35.806955,31.997975]]]}},{"type":"Feature","id":341,"properties":{"id":"P-341","dls_village":18,"dls_basin":41,"dls_plot":341,"neighbourhood_en":"Dabouq","neighbourhood_ar":"دابوق","type":"land","area_m2":407,"admin_value_fils_m2":209883,"market_value_fils_m2":550549,"height_m":6,"offering_id":"","spv_name":"","unit_price_fils":0,"units_offered":0,"units_sold":0,"target_net_yield_bps":0,"closes_at":""},"geometry":{"type":"Polygon","coordinates":[[[35.8079325,31.991175000000002],[35.80853988578182,31.991175000000002],[35.80853988578182,31.99166120939388],[35.8079325,31.99166120939388],[35.8079325,31.991175000000002]]]}},{"type":"Feature","id":342,"properties":{"id":"P-342","dls_village":18,"dls_basin":41,"dls_plot":342,"neighbourhood_en":"Dabouq","neighbourhood_ar":"دابوق","type":"land","area_m2":1356,"admin_value_fils_m2":177587,"market_value_fils_m2":523366,"height_m":11,"offering_id":"","spv_name":"","unit_price_fils":0,"units_offered":0,"units_sold":0,"target_net_yield_bps":0,"closes_at":""},"geometry":{"type":"Polygon","coordinates":[[[35.8079325,31.992025],[35.80841206213979,31.992025],[35.80841206213979,31.992615955323732],[35.8079325,31.992615955323732],[35.8079325,31.992025]]]}},{"type":"Feature","id":343,"properties":{"id":"P-343","dls_village":18,"dls_basin":41,"dls_plot":343,"neighbourhood_en":"Dabouq","neighbourhood_ar":"دابوق","type":"land","area_m2":586,"admin_value_fils_m2":200901,"market_value_fils_m2":574680,"height_m":10,"offering_id":"","spv_name":"","unit_price_fils":0,"units_offered":0,"units_sold":0,"target_net_yield_bps":0,"closes_at":""},"geometry":{"type":"Polygon","coordinates":[[[35.8079325,31.992875],[35.808545836069,31.992875],[35.808545836069,31.99339298934558],[35.8079325,31.99339298934558],[35.8079325,31.992875]]]}},{"type":"Feature","id":344,"properties":{"id":"P-344","dls_village":18,"dls_basin":41,"dls_plot":344,"neighbourhood_en":"Dabouq","neighbourhood_ar":"دابوق","type":"villa","area_m2":1082,"admin_value_fils_m2":182186,"market_value_fils_m2":661689,"height_m":10,"offering_id":"OFF-344","spv_name":"Qitaa Dabouq 344 LLC","unit_price_fils":10000,"units_offered":7200,"units_sold":6183,"target_net_yield_bps":702,"closes_at":"2026-09-13T11:43:24.567Z"},"geometry":{"type":"Polygon","coordinates":[[[35.8079325,31.993725],[35.80847336205528,31.993725],[35.80847336205528,31.9941977990611],[35.8079325,31.9941977990611],[35.8079325,31.993725]]]}},{"type":"Feature","id":345,"properties":{"id":"P-345","dls_village":18,"dls_basin":41,"dls_plot":345,"neighbourhood_en":"Dabouq","neighbourhood_ar":"دابوق","type":"land","area_m2":1283,"admin_value_fils_m2":165287,"market_value_fils_m2":576804,"height_m":8,"offering_id":"","spv_name":"","unit_price_fils":0,"units_offered":0,"units_sold":0,"target_net_yield_bps":0,"closes_at":""},"geometry":{"type":"Polygon","coordinates":[[[35.8079325,31.994575],[35.808472968486385,31.994575],[35.808472968486385,31.995335028394],[35.8079325,31.995335028394],[35.8079325,31.994575]]]}},{"type":"Feature","id":346,"properties":{"id":"P-346","dls_village":18,"dls_basin":41,"dls_plot":346,"neighbourhood_en":"Dabouq","neighbourhood_ar":"دابوق","type":"villa","area_m2":1192,"admin_value_fils_m2":178791,"market_value_fils_m2":530761,"height_m":8,"offering_id":"","spv_name":"","unit_price_fils":0,"units_offered":0,"units_sold":0,"target_net_yield_bps":0,"closes_at":""},"geometry":{"type":"Polygon","coordinates":[[[35.8079325,31.995425],[35.808400326532045,31.995425],[35.808400326532045,31.995950981700435],[35.8079325,31.995950981700435],[35.8079325,31.995425]]]}},{"type":"Feature","id":347,"properties":{"id":"P-347","dls_village":18,"dls_basin":41,"dls_plot":347,"neighbourhood_en":"Dabouq","neighbourhood_ar":"دابوق","type":"villa","area_m2":534,"admin_value_fils_m2":192583,"market_value_fils_m2":555873,"height_m":12,"offering_id":"","spv_name":"","unit_price_fils":0,"units_offered":0,"units_sold":0,"target_net_yield_bps":0,"closes_at":""},"geometry":{"type":"Polygon","coordinates":[[[35.8079325,31.997125],[35.80852550484233,31.997125],[35.80852550484233,31.997622902982037],[35.8079325,31.997622902982037],[35.8079325,31.997125]]]}},{"type":"Feature","id":348,"properties":{"id":"P-348","dls_village":18,"dls_basin":41,"dls_plot":348,"neighbourhood_en":"Dabouq","neighbourhood_ar":"دابوق","type":"land","area_m2":1037,"admin_value_fils_m2":188182,"market_value_fils_m2":533606,"height_m":11,"offering_id":"","spv_name":"","unit_price_fils":0,"units_offered":0,"units_sold":0,"target_net_yield_bps":0,"closes_at":""},"geometry":{"type":"Polygon","coordinates":[[[35.8079325,31.997975],[35.80869371256897,31.997975],[35.80869371256897,31.99856158908379],[35.8079325,31.99856158908379],[35.8079325,31.997975]]]}},{"type":"Feature","id":349,"properties":{"id":"P-349","dls_village":22,"dls_basin":55,"dls_plot":349,"neighbourhood_en":"Marj Al Hamam","neighbourhood_ar":"مرج الحمام","type":"land","area_m2":847,"admin_value_fils_m2":148818,"market_value_fils_m2":283533,"height_m":8,"offering_id":"OFF-349","spv_name":"Qitaa Marj Al Hamam 349 LLC","unit_price_fils":10000,"units_offered":4000,"units_sold":2792,"target_net_yield_bps":593,"closes_at":"2026-08-09T18:15:32.753Z"},"geometry":{"type":"Polygon","coordinates":[[[35.82609,31.886175],[35.826753535116445,31.886175],[35.826753535116445,31.886924927414707],[35.82609,31.886924927414707],[35.82609,31.886175]]]}},{"type":"Feature","id":350,"properties":{"id":"P-350","dls_village":22,"dls_basin":55,"dls_plot":350,"neighbourhood_en":"Marj Al Hamam","neighbourhood_ar":"مرج الحمام","type":"land","area_m2":811,"admin_value_fils_m2":141650,"market_value_fils_m2":389236,"height_m":11,"offering_id":"OFF-350","spv_name":"Qitaa Marj Al Hamam 350 LLC","unit_price_fils":10000,"units_offered":10200,"units_sold":6458,"target_net_yield_bps":809,"closes_at":"2026-10-18T03:39:01.399Z"},"geometry":{"type":"Polygon","coordinates":[[[35.82609,31.887025],[35.8265630428233,31.887025],[35.8265630428233,31.887660691984166],[35.82609,31.887660691984166],[35.82609,31.887025]]]}},{"type":"Feature","id":351,"properties":{"id":"P-351","dls_village":22,"dls_basin":55,"dls_plot":351,"neighbourhood_en":"Marj Al Hamam","neighbourhood_ar":"مرج الحمام","type":"land","area_m2":501,"admin_value_fils_m2":122414,"market_value_fils_m2":327118,"height_m":13,"offering_id":"","spv_name":"","unit_price_fils":0,"units_offered":0,"units_sold":0,"target_net_yield_bps":0,"closes_at":""},"geometry":{"type":"Polygon","coordinates":[[[35.82609,31.887875],[35.82683434190027,31.887875],[35.82683434190027,31.88843178600174],[35.82609,31.88843178600174],[35.82609,31.887875]]]}},{"type":"Feature","id":352,"properties":{"id":"P-352","dls_village":22,"dls_basin":55,"dls_plot":352,"neighbourhood_en":"Marj Al Hamam","neighbourhood_ar":"مرج الحمام","type":"land","area_m2":321,"admin_value_fils_m2":129551,"market_value_fils_m2":255945,"height_m":13,"offering_id":"","spv_name":"","unit_price_fils":0,"units_offered":0,"units_sold":0,"target_net_yield_bps":0,"closes_at":""},"geometry":{"type":"Polygon","coordinates":[[[35.82609,31.888725],[35.826741219375755,31.888725],[35.826741219375755,31.88944915522444],[35.82609,31.88944915522444],[35.82609,31.888725]]]}},{"type":"Feature","id":353,"properties":{"id":"P-353","dls_village":22,"dls_basin":55,"dls_plot":353,"neighbourhood_en":"Marj Al Hamam","neighbourhood_ar":"مرج الحمام","type":"land","area_m2":1150,"admin_value_fils_m2":135314,"market_value_fils_m2":346338,"height_m":13,"offering_id":"OFF-353","spv_name":"Qitaa Marj Al Hamam 353 LLC","unit_price_fils":10000,"units_offered":2100,"units_sold":1779,"target_net_yield_bps":482,"closes_at":"2026-09-11T19:54:16.979Z"},"geometry":{"type":"Polygon","coordinates":[[[35.82609,31.890425],[35.826670227369604,31.890425],[35.826670227369604,31.891072614202713],[35.82609,31.891072614202713],[35.82609,31.890425]]]}},{"type":"Feature","id":354,"properties":{"id":"P-354","dls_village":22,"dls_basin":55,"dls_plot":354,"neighbourhood_en":"Marj Al Hamam","neighbourhood_ar":"مرج الحمام","type":"villa","area_m2":850,"admin_value_fils_m2":122748,"market_value_fils_m2":385287,"height_m":8,"offering_id":"","spv_name":"","unit_price_fils":0,"units_offered":0,"units_sold":0,"target_net_yield_bps":0,"closes_at":""},"geometry":{"type":"Polygon","coordinates":[[[35.82609,31.891275],[35.8266826209285,31.891275],[35.8266826209285,31.89176874453125],[35.82609,31.89176874453125],[35.82609,31.891275]]]}},{"type":"Feature","id":355,"properties":{"id":"P-355","dls_village":22,"dls_basin":55,"dls_plot":355,"neighbourhood_en":"Marj Al Hamam","neighbourhood_ar":"مرج الحمام","type":"land","area_m2":1289,"admin_value_fils_m2":144822,"market_value_fils_m2":303774,"height_m":13,"offering_id":"","spv_name":"","unit_price_fils":0,"units_offered":0,"units_sold":0,"target_net_yield_bps":0,"closes_at":""},"geometry":{"type":"Polygon","coordinates":[[[35.8270675,31.886175],[35.82783100924614,31.886175],[35.82783100924614,31.886763163376422],[35.8270675,31.886763163376422],[35.8270675,31.886175]]]}},{"type":"Feature","id":356,"properties":{"id":"P-356","dls_village":22,"dls_basin":55,"dls_plot":356,"neighbourhood_en":"Marj Al Hamam","neighbourhood_ar":"مرج الحمام","type":"villa","area_m2":1081,"admin_value_fils_m2":138745,"market_value_fils_m2":263074,"height_m":8,"offering_id":"","spv_name":"","unit_price_fils":0,"units_offered":0,"units_sold":0,"target_net_yield_bps":0,"closes_at":""},"geometry":{"type":"Polygon","coordinates":[[[35.8270675,31.887875],[35.82774130349607,31.887875],[35.82774130349607,31.888629524737855],[35.8270675,31.888629524737855],[35.8270675,31.887875]]]}},{"type":"Feature","id":357,"properties":{"id":"P-357","dls_village":22,"dls_basin":55,"dls_plot":357,"neighbourhood_en":"Marj Al Hamam","neighbourhood_ar":"مرج الحمام","type":"villa","area_m2":759,"admin_value_fils_m2":114981,"market_value_fils_m2":292705,"height_m":12,"offering_id":"OFF-357","spv_name":"Qitaa Marj Al Hamam 357 LLC","unit_price_fils":10000,"units_offered":10500,"units_sold":989,"target_net_yield_bps":686,"closes_at":"2026-10-18T16:57:38.035Z"},"geometry":{"type":"Polygon","coordinates":[[[35.8270675,31.888725],[35.82764489477496,31.888725],[35.82764489477496,31.889228023624206],[35.8270675,31.889228023624206],[35.8270675,31.888725]]]}},{"type":"Feature","id":358,"properties":{"id":"P-358","dls_village":22,"dls_basin":55,"dls_plot":358,"neighbourhood_en":"Marj Al Hamam","neighbourhood_ar":"مرج الحمام","type":"land","area_m2":454,"admin_value_fils_m2":111528,"market_value_fils_m2":295061,"height_m":13,"offering_id":"","spv_name":"","unit_price_fils":0,"units_offered":0,"units_sold":0,"target_net_yield_bps":0,"closes_at":""},"geometry":{"type":"Polygon","coordinates":[[[35.8270675,31.889575],[35.82753828981995,31.889575],[35.82753828981995,31.890315278628535],[35.8270675,31.890315278628535],[35.8270675,31.889575]]]}},{"type":"Feature","id":359,"properties":{"id":"P-359","dls_village":22,"dls_basin":55,"dls_plot":359,"neighbourhood_en":"Marj Al Hamam","neighbourhood_ar":"مرج الحمام","type":"land","area_m2":717,"admin_value_fils_m2":143138,"market_value_fils_m2":389389,"height_m":13,"offering_id":"","spv_name":"","unit_price_fils":0,"units_offered":0,"units_sold":0,"target_net_yield_bps":0,"closes_at":""},"geometry":{"type":"Polygon","coordinates":[[[35.8270675,31.891275],[35.82783102377748,31.891275],[35.82783102377748,31.891953443032815],[35.8270675,31.891953443032815],[35.8270675,31.891275]]]}},{"type":"Feature","id":360,"properties":{"id":"P-360","dls_village":22,"dls_basin":55,"dls_plot":360,"neighbourhood_en":"Marj Al Hamam","neighbourhood_ar":"مرج الحمام","type":"land","area_m2":1028,"admin_value_fils_m2":114648,"market_value_fils_m2":383772,"height_m":13,"offering_id":"","spv_name":"","unit_price_fils":0,"units_offered":0,"units_sold":0,"target_net_yield_bps":0,"closes_at":""},"geometry":{"type":"Polygon","coordinates":[[[35.8270675,31.892125],[35.82778818919781,31.892125],[35.82778818919781,31.892722223855014],[35.8270675,31.892722223855014],[35.8270675,31.892125]]]}},{"type":"Feature","id":361,"properties":{"id":"P-361","dls_village":22,"dls_basin":55,"dls_plot":361,"neighbourhood_en":"Marj Al Hamam","neighbourhood_ar":"مرج الحمام","type":"villa","area_m2":636,"admin_value_fils_m2":143422,"market_value_fils_m2":297366,"height_m":9,"offering_id":"OFF-361","spv_name":"Qitaa Marj Al Hamam 361 LLC","unit_price_fils":10000,"units_offered":2700,"units_sold":1147,"target_net_yield_bps":521,"closes_at":"2026-08-29T14:33:09.461Z"},"geometry":{"type":"Polygon","coordinates":[[[35.8270675,31.892975],[35.82771422031605,31.892975],[35.82771422031605,31.893571795196433],[35.8270675,31.893571795196433],[35.8270675,31.892975]]]}},{"type":"Feature","id":362,"properties":{"id":"P-362","dls_village":22,"dls_basin":55,"dls_plot":362,"neighbourhood_en":"Marj Al Hamam","neighbourhood_ar":"مرج الحمام","type":"villa","area_m2":1197,"admin_value_fils_m2":132091,"market_value_fils_m2":288876,"height_m":8,"offering_id":"","spv_name":"","unit_price_fils":0,"units_offered":0,"units_sold":0,"target_net_yield_bps":0,"closes_at":""},"geometry":{"type":"Polygon","coordinates":[[[35.828044999999996,31.886175],[35.82880604007057,31.886175],[35.82880604007057,31.886721200137462],[35.828044999999996,31.886721200137462],[35.828044999999996,31.886175]]]}},{"type":"Feature","id":363,"properties":{"id":"P-363","dls_village":22,"dls_basin":55,"dls_plot":363,"neighbourhood_en":"Marj Al Hamam","neighbourhood_ar":"مرج الحمام","type":"villa","area_m2":416,"admin_value_fils_m2":142985,"market_value_fils_m2":331413,"height_m":9,"offering_id":"","spv_name":"","unit_price_fils":0,"units_offered":0,"units_sold":0,"target_net_yield_bps":0,"closes_at":""},"geometry":{"type":"Polygon","coordinates":[[[35.828044999999996,31.887025],[35.8286931744961,31.887025],[35.8286931744961,31.887680858523357],[35.828044999999996,31.887680858523357],[35.828044999999996,31.887025]]]}},{"type":"Feature","id":364,"properties":{"id":"P-364","dls_village":22,"dls_basin":55,"dls_plot":364,"neighbourhood_en":"Marj Al Hamam","neighbourhood_ar":"مرج الحمام","type":"land","area_m2":1275,"admin_value_fils_m2":137139,"market_value_fils_m2":245297,"height_m":13,"offering_id":"OFF-364","spv_name":"Qitaa Marj Al Hamam 364 LLC","unit_price_fils":10000,"units_offered":5600,"units_sold":429,"target_net_yield_bps":491,"closes_at":"2026-10-11T14:59:53.925Z"},"geometry":{"type":"Polygon","coordinates":[[[35.828044999999996,31.887875],[35.828620379792255,31.887875],[35.828620379792255,31.888403937545448],[35.828044999999996,31.888403937545448],[35.828044999999996,31.887875]]]}},{"type":"Feature","id":365,"properties":{"id":"P-365","dls_village":22,"dls_basin":55,"dls_plot":365,"neighbourhood_en":"Marj Al Hamam","neighbourhood_ar":"مرج الحمام","type":"villa","area_m2":843,"admin_value_fils_m2":128507,"market_value_fils_m2":281204,"height_m":12,"offering_id":"","spv_name":"","unit_price_fils":0,"units_offered":0,"units_sold":0,"target_net_yield_bps":0,"closes_at":""},"geometry":{"type":"Polygon","coordinates":[[[35.828044999999996,31.888725],[35.8286218563956,31.888725],[35.8286218563956,31.88944962679975],[35.828044999999996,31.88944962679975],[35.828044999999996,31.888725]]]}},{"type":"Feature","id":366,"properties":{"id":"P-366","dls_village":22,"dls_basin":55,"dls_plot":366,"neighbourhood_en":"Marj Al Hamam","neighbourhood_ar":"مرج الحمام","type":"land","area_m2":457,"admin_value_fils_m2":138767,"market_value_fils_m2":385446,"height_m":10,"offering_id":"","spv_name":"","unit_price_fils":0,"units_offered":0,"units_sold":0,"target_net_yield_bps":0,"closes_at":""},"geometry":{"type":"Polygon","coordinates":[[[35.828044999999996,31.889575],[35.82869550245964,31.889575],[35.82869550245964,31.890246866810283],[35.828044999999996,31.890246866810283],[35.828044999999996,31.889575]]]}},{"type":"Feature","id":367,"properties":{"id":"P-367","dls_village":22,"dls_basin":55,"dls_plot":367,"neighbourhood_en":"Marj Al Hamam","neighbourhood_ar":"مرج الحمام","type":"land","area_m2":609,"admin_value_fils_m2":139648,"market_value_fils_m2":371071,"height_m":10,"offering_id":"OFF-367","spv_name":"Qitaa Marj Al Hamam 367 LLC","unit_price_fils":10000,"units_offered":11400,"units_sold":1114,"target_net_yield_bps":715,"closes_at":"2026-08-26T21:53:40.311Z"},"geometry":{"type":"Polygon","coordinates":[[[35.828044999999996,31.890425],[35.82874182502569,31.890425],[35.82874182502569,31.891008614772577],[35.828044999999996,31.891008614772577],[35.828044999999996,31.890425]]]}},{"type":"Feature","id":368,"properties":{"id":"P-368","dls_village":22,"dls_basin":55,"dls_plot":368,"neighbourhood_en":"Marj Al Hamam","neighbourhood_ar":"مرج الحمام","type":"villa","area_m2":821,"admin_value_fils_m2":127300,"market_value_fils_m2":354928,"height_m":14,"offering_id":"OFF-368","spv_name":"Qitaa Marj Al Hamam 368 LLC","unit_price_fils":10000,"units_offered":10700,"units_sold":3312,"target_net_yield_bps":617,"closes_at":"2026-09-22T16:38:45.218Z"},"geometry":{"type":"Polygon","coordinates":[[[35.828044999999996,31.892125],[35.82864587450739,31.892125],[35.82864587450739,31.892654640592898],[35.828044999999996,31.892654640592898],[35.828044999999996,31.892125]]]}},{"type":"Feature","id":369,"properties":{"id":"P-369","dls_village":22,"dls_basin":55,"dls_plot":369,"neighbourhood_en":"Marj Al Hamam","neighbourhood_ar":"مرج الحمام","type":"land","area_m2":1338,"admin_value_fils_m2":119810,"market_value_fils_m2":246057,"height_m":11,"offering_id":"OFF-369","spv_name":"Qitaa Marj Al Hamam 369 LLC","unit_price_fils":10000,"units_offered":7500,"units_sold":7083,"target_net_yield_bps":585,"closes_at":"2026-08-20T22:58:06.228Z"},"geometry":{"type":"Polygon","coordinates":[[[35.828044999999996,31.892975],[35.828694859988225,31.892975],[35.828694859988225,31.89345213419152],[35.828044999999996,31.89345213419152],[35.828044999999996,31.892975]]]}},{"type":"Feature","id":370,"properties":{"id":"P-370","dls_village":22,"dls_basin":55,"dls_plot":370,"neighbourhood_en":"Marj Al Hamam","neighbourhood_ar":"مرج الحمام","type":"villa","area_m2":819,"admin_value_fils_m2":127070,"market_value_fils_m2":366794,"height_m":12,"offering_id":"","spv_name":"","unit_price_fils":0,"units_offered":0,"units_sold":0,"target_net_yield_bps":0,"closes_at":""},"geometry":{"type":"Polygon","coordinates":[[[35.8290225,31.886175],[35.829721872307275,31.886175],[35.829721872307275,31.886802494549393],[35.8290225,31.886802494549393],[35.8290225,31.886175]]]}},{"type":"Feature","id":371,"properties":{"id":"P-371","dls_village":22,"dls_basin":55,"dls_plot":371,"neighbourhood_en":"Marj Al Hamam","neighbourhood_ar":"مرج الحمام","type":"land","area_m2":639,"admin_value_fils_m2":112329,"market_value_fils_m2":254931,"height_m":11,"offering_id":"","spv_name":"","unit_price_fils":0,"units_offered":0,"units_sold":0,"target_net_yield_bps":0,"closes_at":""},"geometry":{"type":"Polygon","coordinates":[[[35.8290225,31.887025],[35.82956572200374,31.887025],[35.82956572200374,31.88750101004503],[35.8290225,31.88750101004503],[35.8290225,31.887025]]]}},{"type":"Feature","id":372,"properties":{"id":"P-372","dls_village":22,"dls_basin":55,"dls_plot":372,"neighbourhood_en":"Marj Al Hamam","neighbourhood_ar":"مرج الحمام","type":"villa","area_m2":730,"admin_value_fils_m2":131563,"market_value_fils_m2":242389,"height_m":11,"offering_id":"","spv_name":"","unit_price_fils":0,"units_offered":0,"units_sold":0,"target_net_yield_bps":0,"closes_at":""},"geometry":{"type":"Polygon","coordinates":[[[35.8290225,31.887875],[35.82966657912473,31.887875],[35.82966657912473,31.88859783144153],[35.8290225,31.88859783144153],[35.8290225,31.887875]]]}},{"type":"Feature","id":373,"properties":{"id":"P-373","dls_village":22,"dls_basin":55,"dls_plot":373,"neighbourhood_en":"Marj Al Hamam","neighbourhood_ar":"مرج الحمام","type":"land","area_m2":1363,"admin_value_fils_m2":123694,"market_value_fils_m2":313787,"height_m":12,"offering_id":"","spv_name":"","unit_price_fils":0,"units_offered":0,"units_sold":0,"target_net_yield_bps":0,"closes_at":""},"geometry":{"type":"Polygon","coordinates":[[[35.8290225,31.888725],[35.829512054022814,31.888725],[35.829512054022814,31.889317555134024],[35.8290225,31.889317555134024],[35.8290225,31.888725]]]}},{"type":"Feature","id":374,"properties":{"id":"P-374","dls_village":22,"dls_basin":55,"dls_plot":374,"neighbourhood_en":"Marj Al Hamam","neighbourhood_ar":"مرج الحمام","type":"land","area_m2":1382,"admin_value_fils_m2":137764,"market_value_fils_m2":261811,"height_m":13,"offering_id":"","spv_name":"","unit_price_fils":0,"units_offered":0,"units_sold":0,"target_net_yield_bps":0,"closes_at":""},"geometry":{"type":"Polygon","coordinates":[[[35.8290225,31.889575],[35.82974191650238,31.889575],[35.82974191650238,31.890236355335425],[35.8290225,31.890236355335425],[35.8290225,31.889575]]]}},{"type":"Feature","id":375,"properties":{"id":"P-375","dls_village":22,"dls_basin":55,"dls_plot":375,"neighbourhood_en":"Marj Al Hamam","neighbourhood_ar":"مرج الحمام","type":"villa","area_m2":336,"admin_value_fils_m2":134979,"market_value_fils_m2":311117,"height_m":13,"offering_id":"","spv_name":"","unit_price_fils":0,"units_offered":0,"units_sold":0,"target_net_yield_bps":0,"closes_at":""},"geometry":{"type":"Polygon","coordinates":[[[35.8290225,31.890425],[35.82960249580118,31.890425],[35.82960249580118,31.891181188230462],[35.8290225,31.891181188230462],[35.8290225,31.890425]]]}},{"type":"Feature","id":376,"properties":{"id":"P-376","dls_village":22,"dls_basin":55,"dls_plot":376,"neighbourhood_en":"Marj Al Hamam","neighbourhood_ar":"مرج الحمام","type":"villa","area_m2":456,"admin_value_fils_m2":125084,"market_value_fils_m2":326415,"height_m":13,"offering_id":"","spv_name":"","unit_price_fils":0,"units_offered":0,"units_sold":0,"target_net_yield_bps":0,"closes_at":""},"geometry":{"type":"Polygon","coordinates":[[[35.8290225,31.892125],[35.829548063016595,31.892125],[35.829548063016595,31.89266793087045],[35.8290225,31.89266793087045],[35.8290225,31.892125]]]}},{"type":"Feature","id":377,"properties":{"id":"P-377","dls_village":22,"dls_basin":55,"dls_plot":377,"neighbourhood_en":"Marj Al Hamam","neighbourhood_ar":"مرج الحمام","type":"land","area_m2":418,"admin_value_fils_m2":118526,"market_value_fils_m2":339977,"height_m":13,"offering_id":"","spv_name":"","unit_price_fils":0,"units_offered":0,"units_sold":0,"target_net_yield_bps":0,"closes_at":""},"geometry":{"type":"Polygon","coordinates":[[[35.83,31.887025],[35.83057594690389,31.887025],[35.83057594690389,31.887557927722163],[35.83,31.887557927722163],[35.83,31.887025]]]}},{"type":"Feature","id":378,"properties":{"id":"P-378","dls_village":22,"dls_basin":55,"dls_plot":378,"neighbourhood_en":"Marj Al Hamam","neighbourhood_ar":"مرج الحمام","type":"land","area_m2":549,"admin_value_fils_m2":137935,"market_value_fils_m2":336596,"height_m":8,"offering_id":"","spv_name":"","unit_price_fils":0,"units_offered":0,"units_sold":0,"target_net_yield_bps":0,"closes_at":""},"geometry":{"type":"Polygon","coordinates":[[[35.83,31.887875],[35.83073170764223,31.887875],[35.83073170764223,31.888370914616953],[35.83,31.888370914616953],[35.83,31.887875]]]}},{"type":"Feature","id":379,"properties":{"id":"P-379","dls_village":22,"dls_basin":55,"dls_plot":379,"neighbourhood_en":"Marj Al Hamam","neighbourhood_ar":"مرج الحمام","type":"land","area_m2":324,"admin_value_fils_m2":115665,"market_value_fils_m2":272956,"height_m":7,"offering_id":"","spv_name":"","unit_price_fils":0,"units_offered":0,"units_sold":0,"target_net_yield_bps":0,"closes_at":""},"geometry":{"type":"Polygon","coordinates":[[[35.83,31.888725],[35.83060926025998,31.888725],[35.83060926025998,31.889444482516577],[35.83,31.889444482516577],[35.83,31.888725]]]}},{"type":"Feature","id":380,"properties":{"id":"P-380","dls_village":22,"dls_basin":55,"dls_plot":380,"neighbourhood_en":"Marj Al Hamam","neighbourhood_ar":"مرج الحمام","type":"land","area_m2":1135,"admin_value_fils_m2":142115,"market_value_fils_m2":367040,"height_m":10,"offering_id":"","spv_name":"","unit_price_fils":0,"units_offered":0,"units_sold":0,"target_net_yield_bps":0,"closes_at":""},"geometry":{"type":"Polygon","coordinates":[[[35.83,31.889575],[35.83061750097174,31.889575],[35.83061750097174,31.890332720969546],[35.83,31.890332720969546],[35.83,31.889575]]]}},{"type":"Feature","id":381,"properties":{"id":"P-381","dls_village":22,"dls_basin":55,"dls_plot":381,"neighbourhood_en":"Marj Al Hamam","neighbourhood_ar":"مرج الحمام","type":"villa","area_m2":701,"admin_value_fils_m2":128182,"market_value_fils_m2":296043,"height_m":8,"offering_id":"OFF-381","spv_name":"Qitaa Marj Al Hamam 381 LLC","unit_price_fils":10000,"units_offered":3300,"units_sold":2061,"target_net_yield_bps":696,"closes_at":"2026-11-01T03:19:56.396Z"},"geometry":{"type":"Polygon","coordinates":[[[35.83,31.890425],[35.83052540469109,31.890425],[35.83052540469109,31.891016160396926],[35.83,31.891016160396926],[35.83,31.890425]]]}},{"type":"Feature","id":382,"properties":{"id":"P-382","dls_village":22,"dls_basin":55,"dls_plot":382,"neighbourhood_en":"Marj Al Hamam","neighbourhood_ar":"مرج الحمام","type":"villa","area_m2":612,"admin_value_fils_m2":118161,"market_value_fils_m2":388596,"height_m":10,"offering_id":"","spv_name":"","unit_price_fils":0,"units_offered":0,"units_sold":0,"target_net_yield_bps":0,"closes_at":""},"geometry":{"type":"Polygon","coordinates":[[[35.83,31.891275],[35.83048060758179,31.891275],[35.83048060758179,31.891952814959332],[35.83,31.891952814959332],[35.83,31.891275]]]}},{"type":"Feature","id":383,"properties":{"id":"P-383","dls_village":22,"dls_basin":55,"dls_plot":383,"neighbourhood_en":"Marj Al Hamam","neighbourhood_ar":"مرج الحمام","type":"land","area_m2":608,"admin_value_fils_m2":132847,"market_value_fils_m2":335754,"height_m":11,"offering_id":"","spv_name":"","unit_price_fils":0,"units_offered":0,"units_sold":0,"target_net_yield_bps":0,"closes_at":""},"geometry":{"type":"Polygon","coordinates":[[[35.83,31.892125],[35.83051085839471,31.892125],[35.83051085839471,31.892674685268577],[35.83,31.892674685268577],[35.83,31.892125]]]}},{"type":"Feature","id":384,"properties":{"id":"P-384","dls_village":22,"dls_basin":55,"dls_plot":384,"neighbourhood_en":"Marj Al Hamam","neighbourhood_ar":"مرج الحمام","type":"villa","area_m2":1267,"admin_value_fils_m2":111107,"market_value_fils_m2":304411,"height_m":10,"offering_id":"","spv_name":"","unit_price_fils":0,"units_offered":0,"units_sold":0,"target_net_yield_bps":0,"closes_at":""},"geometry":{"type":"Polygon","coordinates":[[[35.83,31.892975],[35.83062470864695,31.892975],[35.83062470864695,31.893508303909865],[35.83,31.893508303909865],[35.83,31.892975]]]}},{"type":"Feature","id":385,"properties":{"id":"P-385","dls_village":22,"dls_basin":55,"dls_plot":385,"neighbourhood_en":"Marj Al Hamam","neighbourhood_ar":"مرج الحمام","type":"land","area_m2":374,"admin_value_fils_m2":134264,"market_value_fils_m2":344875,"height_m":9,"offering_id":"OFF-385","spv_name":"Qitaa Marj Al Hamam 385 LLC","unit_price_fils":10000,"units_offered":7300,"units_sold":547,"target_net_yield_bps":710,"closes_at":"2026-08-31T21:33:27.134Z"},"geometry":{"type":"Polygon","coordinates":[[[35.830977499999996,31.886175],[35.83145241781058,31.886175],[35.83145241781058,31.886701396932835],[35.830977499999996,31.886701396932835],[35.830977499999996,31.886175]]]}},{"type":"Feature","id":386,"properties":{"id":"P-386","dls_village":22,"dls_basin":55,"dls_plot":386,"neighbourhood_en":"Marj Al Hamam","neighbourhood_ar":"مرج الحمام","type":"villa","area_m2":1289,"admin_value_fils_m2":133761,"market_value_fils_m2":308011,"height_m":11,"offering_id":"","spv_name":"","unit_price_fils":0,"units_offered":0,"units_sold":0,"target_net_yield_bps":0,"closes_at":""},"geometry":{"type":"Polygon","coordinates":[[[35.830977499999996,31.887025],[35.831507671786476,31.887025],[35.831507671786476,31.887645623364968],[35.830977499999996,31.887645623364968],[35.830977499999996,31.887025]]]}},{"type":"Feature","id":387,"properties":{"id":"P-387","dls_village":22,"dls_basin":55,"dls_plot":387,"neighbourhood_en":"Marj Al Hamam","neighbourhood_ar":"مرج الحمام","type":"land","area_m2":1007,"admin_value_fils_m2":145989,"market_value_fils_m2":299521,"height_m":12,"offering_id":"OFF-387","spv_name":"Qitaa Marj Al Hamam 387 LLC","unit_price_fils":10000,"units_offered":8700,"units_sold":2096,"target_net_yield_bps":502,"closes_at":"2026-08-16T18:15:23.412Z"},"geometry":{"type":"Polygon","coordinates":[[[35.830977499999996,31.887875],[35.83168413357334,31.887875],[35.83168413357334,31.888528903318658],[35.830977499999996,31.888528903318658],[35.830977499999996,31.887875]]]}},{"type":"Feature","id":388,"properties":{"id":"P-388","dls_village":22,"dls_basin":55,"dls_plot":388,"neighbourhood_en":"Marj Al Hamam","neighbourhood_ar":"مرج الحمام","type":"land","area_m2":1294,"admin_value_fils_m2":147056,"market_value_fils_m2":295299,"height_m":8,"offering_id":"","spv_name":"","unit_price_fils":0,"units_offered":0,"units_sold":0,"target_net_yield_bps":0,"closes_at":""},"geometry":{"type":"Polygon","coordinates":[[[35.830977499999996,31.888725],[35.83159270652781,31.888725],[35.83159270652781,31.889330932323315],[35.830977499999996,31.889330932323315],[35.830977499999996,31.888725]]]}},{"type":"Feature","id":389,"properties":{"id":"P-389","dls_village":22,"dls_basin":55,"dls_plot":389,"neighbourhood_en":"Marj Al Hamam","neighbourhood_ar":"مرج الحمام","type":"land","area_m2":1298,"admin_value_fils_m2":140885,"market_value_fils_m2":275717,"height_m":9,"offering_id":"","spv_name":"","unit_price_fils":0,"units_offered":0,"units_sold":0,"target_net_yield_bps":0,"closes_at":""},"geometry":{"type":"Polygon","coordinates":[[[35.830977499999996,31.889575],[35.831488589664445,31.889575],[35.831488589664445,31.89011395123626],[35.830977499999996,31.89011395123626],[35.830977499999996,31.889575]]]}},{"type":"Feature","id":390,"properties":{"id":"P-390","dls_village":22,"dls_basin":55,"dls_plot":390,"neighbourhood_en":"Marj Al Hamam","neighbourhood_ar":"مرج الحمام","type":"villa","area_m2":965,"admin_value_fils_m2":126730,"market_value_fils_m2":334891,"height_m":10,"offering_id":"OFF-390","spv_name":"Qitaa Marj Al Hamam 390 LLC","unit_price_fils":10000,"units_offered":9400,"units_sold":6520,"target_net_yield_bps":612,"closes_at":"2026-09-06T18:29:11.999Z"},"geometry":{"type":"Polygon","coordinates":[[[35.830977499999996,31.890425],[35.831484621278335,31.890425],[35.831484621278335,31.891176059686646],[35.830977499999996,31.891176059686646],[35.830977499999996,31.890425]]]}},{"type":"Feature","id":391,"properties":{"id":"P-391","dls_village":22,"dls_basin":55,"dls_plot":391,"neighbourhood_en":"Marj Al Hamam","neighbourhood_ar":"مرج الحمام","type":"villa","area_m2":638,"admin_value_fils_m2":131723,"market_value_fils_m2":318122,"height_m":11,"offering_id":"","spv_name":"","unit_price_fils":0,"units_offered":0,"units_sold":0,"target_net_yield_bps":0,"closes_at":""},"geometry":{"type":"Polygon","coordinates":[[[35.830977499999996,31.891275],[35.83165462032887,31.891275],[35.83165462032887,31.891975652861895],[35.830977499999996,31.891975652861895],[35.830977499999996,31.891275]]]}},{"type":"Feature","id":392,"properties":{"id":"P-392","dls_village":22,"dls_basin":55,"dls_plot":392,"neighbourhood_en":"Marj Al Hamam","neighbourhood_ar":"مرج الحمام","type":"villa","area_m2":441,"admin_value_fils_m2":115457,"market_value_fils_m2":277965,"height_m":11,"offering_id":"","spv_name":"","unit_price_fils":0,"units_offered":0,"units_sold":0,"target_net_yield_bps":0,"closes_at":""},"geometry":{"type":"Polygon","coordinates":[[[35.830977499999996,31.892125],[35.83154991886601,31.892125],[35.83154991886601,31.89280068661822],[35.830977499999996,31.89280068661822],[35.830977499999996,31.892125]]]}},{"type":"Feature","id":393,"properties":{"id":"P-393","dls_village":22,"dls_basin":55,"dls_plot":393,"neighbourhood_en":"Marj Al Hamam","neighbourhood_ar":"مرج الحمام","type":"land","area_m2":332,"admin_value_fils_m2":145921,"market_value_fils_m2":315054,"height_m":10,"offering_id":"","spv_name":"","unit_price_fils":0,"units_offered":0,"units_sold":0,"target_net_yield_bps":0,"closes_at":""},"geometry":{"type":"Polygon","coordinates":[[[35.830977499999996,31.892975],[35.831582636984145,31.892975],[35.831582636984145,31.89372377470183],[35.830977499999996,31.89372377470183],[35.830977499999996,31.892975]]]}},{"type":"Feature","id":394,"properties":{"id":"P-394","dls_village":22,"dls_basin":55,"dls_plot":394,"neighbourhood_en":"Marj Al Hamam","neighbourhood_ar":"مرج الحمام","type":"land","area_m2":535,"admin_value_fils_m2":125247,"market_value_fils_m2":344897,"height_m":13,"offering_id":"OFF-394","spv_name":"Qitaa Marj Al Hamam 394 LLC","unit_price_fils":10000,"units_offered":5100,"units_sold":1649,"target_net_yield_bps":729,"closes_at":"2026-10-21T13:42:44.278Z"},"geometry":{"type":"Polygon","coordinates":[[[35.831955,31.886175],[35.832695528551014,31.886175],[35.832695528551014,31.886776601220433],[35.831955,31.886776601220433],[35.831955,31.886175]]]}},{"type":"Feature","id":395,"properties":{"id":"P-395","dls_village":22,"dls_basin":55,"dls_plot":395,"neighbourhood_en":"Marj Al Hamam","neighbourhood_ar":"مرج الحمام","type":"land","area_m2":957,"admin_value_fils_m2":139165,"market_value_fils_m2":345485,"height_m":7,"offering_id":"OFF-395","spv_name":"Qitaa Marj Al Hamam 395 LLC","unit_price_fils":10000,"units_offered":8900,"units_sold":4197,"target_net_yield_bps":640,"closes_at":"2026-10-08T00:03:36.248Z"},"geometry":{"type":"Polygon","coordinates":[[[35.831955,31.888725],[35.83261408488368,31.888725],[35.83261408488368,31.889403737261517],[35.831955,31.889403737261517],[35.831955,31.888725]]]}},{"type":"Feature","id":396,"properties":{"id":"P-396","dls_village":22,"dls_basin":55,"dls_plot":396,"neighbourhood_en":"Marj Al Hamam","neighbourhood_ar":"مرج الحمام","type":"villa","area_m2":1286,"admin_value_fils_m2":116958,"market_value_fils_m2":340160,"height_m":10,"offering_id":"OFF-396","spv_name":"Qitaa Marj Al Hamam 396 LLC","unit_price_fils":10000,"units_offered":9100,"units_sold":1482,"target_net_yield_bps":506,"closes_at":"2026-09-27T06:26:32.894Z"},"geometry":{"type":"Polygon","coordinates":[[[35.831955,31.889575],[35.83258275174277,31.889575],[35.83258275174277,31.890182360908344],[35.831955,31.890182360908344],[35.831955,31.889575]]]}},{"type":"Feature","id":397,"properties":{"id":"P-397","dls_village":22,"dls_basin":55,"dls_plot":397,"neighbourhood_en":"Marj Al Hamam","neighbourhood_ar":"مرج الحمام","type":"land","area_m2":864,"admin_value_fils_m2":147769,"market_value_fils_m2":278605,"height_m":14,"offering_id":"","spv_name":"","unit_price_fils":0,"units_offered":0,"units_sold":0,"target_net_yield_bps":0,"closes_at":""},"geometry":{"type":"Polygon","coordinates":[[[35.831955,31.890425],[35.83252169772934,31.890425],[35.83252169772934,31.891100665598074],[35.831955,31.891100665598074],[35.831955,31.890425]]]}},{"type":"Feature","id":398,"properties":{"id":"P-398","dls_village":22,"dls_basin":55,"dls_plot":398,"neighbourhood_en":"Marj Al Hamam","neighbourhood_ar":"مرج الحمام","type":"villa","area_m2":490,"admin_value_fils_m2":132862,"market_value_fils_m2":284748,"height_m":11,"offering_id":"","spv_name":"","unit_price_fils":0,"units_offered":0,"units_sold":0,"target_net_yield_bps":0,"closes_at":""},"geometry":{"type":"Polygon","coordinates":[[[35.831955,31.891275],[35.83248934330541,31.891275],[35.83248934330541,31.891843163930574],[35.831955,31.891843163930574],[35.831955,31.891275]]]}},{"type":"Feature","id":399,"properties":{"id":"P-399","dls_village":22,"dls_basin":55,"dls_plot":399,"neighbourhood_en":"Marj Al Hamam","neighbourhood_ar":"مرج الحمام","type":"land","area_m2":846,"admin_value_fils_m2":113615,"market_value_fils_m2":319494,"height_m":7,"offering_id":"OFF-399","spv_name":"Qitaa Marj Al Hamam 399 LLC","unit_price_fils":10000,"units_offered":3100,"units_sold":2551,"target_net_yield_bps":712,"closes_at":"2026-08-27T15:04:36.729Z"},"geometry":{"type":"Polygon","coordinates":[[[35.831955,31.892125],[35.832440234326356,31.892125],[35.832440234326356,31.892752308674964],[35.831955,31.892752308674964],[35.831955,31.892125]]]}},{"type":"Feature","id":400,"properties":{"id":"P-400","dls_village":22,"dls_basin":55,"dls_plot":400,"neighbourhood_en":"Marj Al Hamam","neighbourhood_ar":"مرج الحمام","type":"villa","area_m2":1139,"admin_value_fils_m2":141195,"market_value_fils_m2":327108,"height_m":10,"offering_id":"OFF-400","spv_name":"Qitaa Marj Al Hamam 400 LLC","unit_price_fils":10000,"units_offered":7800,"units_sold":1546,"target_net_yield_bps":481,"closes_at":"2026-08-18T15:48:18.521Z"},"geometry":{"type":"Polygon","coordinates":[[[35.831955,31.892975],[35.83269361904017,31.892975],[35.83269361904017,31.89363806412963],[35.831955,31.89363806412963],[35.831955,31.892975]]]}},{"type":"Feature","id":401,"properties":{"id":"P-401","dls_village":22,"dls_basin":55,"dls_plot":401,"neighbourhood_en":"Marj Al Hamam","neighbourhood_ar":"مرج الحمام","type":"villa","area_m2":490,"admin_value_fils_m2":137976,"market_value_fils_m2":368246,"height_m":11,"offering_id":"OFF-401","spv_name":"Qitaa Marj Al Hamam 401 LLC","unit_price_fils":10000,"units_offered":2400,"units_sold":457,"target_net_yield_bps":771,"closes_at":"2026-10-20T19:14:26.891Z"},"geometry":{"type":"Polygon","coordinates":[[[35.8329325,31.886175],[35.83353679959562,31.886175],[35.83353679959562,31.886857136801268],[35.8329325,31.886857136801268],[35.8329325,31.886175]]]}},{"type":"Feature","id":402,"properties":{"id":"P-402","dls_village":22,"dls_basin":55,"dls_plot":402,"neighbourhood_en":"Marj Al Hamam","neighbourhood_ar":"مرج الحمام","type":"villa","area_m2":1015,"admin_value_fils_m2":117962,"market_value_fils_m2":311996,"height_m":8,"offering_id":"","spv_name":"","unit_price_fils":0,"units_offered":0,"units_sold":0,"target_net_yield_bps":0,"closes_at":""},"geometry":{"type":"Polygon","coordinates":[[[35.8329325,31.887025],[35.833648460503625,31.887025],[35.833648460503625,31.887550025824964],[35.8329325,31.887550025824964],[35.8329325,31.887025]]]}},{"type":"Feature","id":403,"properties":{"id":"P-403","dls_village":22,"dls_basin":55,"dls_plot":403,"neighbourhood_en":"Marj Al Hamam","neighbourhood_ar":"مرج الحمام","type":"land","area_m2":841,"admin_value_fils_m2":146273,"market_value_fils_m2":353447,"height_m":12,"offering_id":"","spv_name":"","unit_price_fils":0,"units_offered":0,"units_sold":0,"target_net_yield_bps":0,"closes_at":""},"geometry":{"type":"Polygon","coordinates":[[[35.8329325,31.887875],[35.8335420569992,31.887875],[35.8335420569992,31.888376830617332],[35.8329325,31.888376830617332],[35.8329325,31.887875]]]}},{"type":"Feature","id":404,"properties":{"id":"P-404","dls_village":22,"dls_basin":55,"dls_plot":404,"neighbourhood_en":"Marj Al Hamam","neighbourhood_ar":"مرج الحمام","type":"villa","area_m2":464,"admin_value_fils_m2":135934,"market_value_fils_m2":284319,"height_m":9,"offering_id":"OFF-404","spv_name":"Qitaa Marj Al Hamam 404 LLC","unit_price_fils":10000,"units_offered":4600,"units_sold":1381,"target_net_yield_bps":699,"closes_at":"2026-11-02T11:28:50.862Z"},"geometry":{"type":"Polygon","coordinates":[[[35.8329325,31.888725],[35.83367709017246,31.888725],[35.83367709017246,31.889309546645052],[35.8329325,31.889309546645052],[35.8329325,31.888725]]]}},{"type":"Feature","id":405,"properties":{"id":"P-405","dls_village":22,"dls_basin":55,"dls_plot":405,"neighbourhood_en":"Marj Al Hamam","neighbourhood_ar":"مرج الحمام","type":"land","area_m2":1035,"admin_value_fils_m2":112082,"market_value_fils_m2":380926,"height_m":9,"offering_id":"OFF-405","spv_name":"Qitaa Marj Al Hamam 405 LLC","unit_price_fils":10000,"units_offered":3100,"units_sold":270,"target_net_yield_bps":573,"closes_at":"2026-08-12T20:03:16.451Z"},"geometry":{"type":"Polygon","coordinates":[[[35.8329325,31.890425],[35.83350269684743,31.890425],[35.83350269684743,31.89101520478474],[35.8329325,31.89101520478474],[35.8329325,31.890425]]]}},{"type":"Feature","id":406,"properties":{"id":"P-406","dls_village":22,"dls_basin":55,"dls_plot":406,"neighbourhood_en":"Marj Al Hamam","neighbourhood_ar":"مرج الحمام","type":"villa","area_m2":826,"admin_value_fils_m2":147354,"market_value_fils_m2":354183,"height_m":11,"offering_id":"","spv_name":"","unit_price_fils":0,"units_offered":0,"units_sold":0,"target_net_yield_bps":0,"closes_at":""},"geometry":{"type":"Polygon","coordinates":[[[35.8329325,31.891275],[35.83346496963766,31.891275],[35.83346496963766,31.8917688639186],[35.8329325,31.8917688639186],[35.8329325,31.891275]]]}},{"type":"Feature","id":407,"properties":{"id":"P-407","dls_village":22,"dls_basin":55,"dls_plot":407,"neighbourhood_en":"Marj Al Hamam","neighbourhood_ar":"مرج الحمام","type":"land","area_m2":623,"admin_value_fils_m2":128816,"market_value_fils_m2":392709,"height_m":9,"offering_id":"","spv_name":"","unit_price_fils":0,"units_offered":0,"units_sold":0,"target_net_yield_bps":0,"closes_at":""},"geometry":{"type":"Polygon","coordinates":[[[35.8329325,31.892975],[35.833568593507486,31.892975],[35.833568593507486,31.8937382859904],[35.8329325,31.8937382859904],[35.8329325,31.892975]]]}},{"type":"Feature","id":408,"properties":{"id":"P-408","dls_village":8,"dls_basin":12,"dls_plot":408,"neighbourhood_en":"Al Jubaiha","neighbourhood_ar":"الجبيهة","type":"building","area_m2":1030,"admin_value_fils_m2":159207,"market_value_fils_m2":432453,"height_m":15,"offering_id":"","spv_name":"","unit_price_fils":0,"units_offered":0,"units_sold":0,"target_net_yield_bps":0,"closes_at":""},"geometry":{"type":"Polygon","coordinates":[[[35.88409,32.014175],[35.88476130109355,32.014175],[35.88476130109355,32.01491547103707],[35.88409,32.01491547103707],[35.88409,32.014175]]]}},{"type":"Feature","id":409,"properties":{"id":"P-409","dls_village":8,"dls_basin":12,"dls_plot":409,"neighbourhood_en":"Al Jubaiha","neighbourhood_ar":"الجبيهة","type":"apartment","area_m2":1320,"admin_value_fils_m2":154039,"market_value_fils_m2":463989,"height_m":17,"offering_id":"OFF-409","spv_name":"Qitaa Al Jubaiha 409 LLC","unit_price_fils":10000,"units_offered":2600,"units_sold":2269,"target_net_yield_bps":795,"closes_at":"2026-08-15T19:26:37.432Z"},"geometry":{"type":"Polygon","coordinates":[[[35.88409,32.015025],[35.88468618282373,32.015025],[35.88468618282373,32.015504892702204],[35.88409,32.015504892702204],[35.88409,32.015025]]]}},{"type":"Feature","id":410,"properties":{"id":"P-410","dls_village":8,"dls_basin":12,"dls_plot":410,"neighbourhood_en":"Al Jubaiha","neighbourhood_ar":"الجبيهة","type":"building","area_m2":983,"admin_value_fils_m2":172416,"market_value_fils_m2":458503,"height_m":19,"offering_id":"","spv_name":"","unit_price_fils":0,"units_offered":0,"units_sold":0,"target_net_yield_bps":0,"closes_at":""},"geometry":{"type":"Polygon","coordinates":[[[35.88409,32.015875],[35.88458472562986,32.015875],[35.88458472562986,32.016574269372526],[35.88409,32.016574269372526],[35.88409,32.015875]]]}},{"type":"Feature","id":411,"properties":{"id":"P-411","dls_village":8,"dls_basin":12,"dls_plot":411,"neighbourhood_en":"Al Jubaiha","neighbourhood_ar":"الجبيهة","type":"apartment","area_m2":1126,"admin_value_fils_m2":151022,"market_value_fils_m2":473038,"height_m":12,"offering_id":"OFF-411","spv_name":"Qitaa Al Jubaiha 411 LLC","unit_price_fils":10000,"units_offered":6000,"units_sold":3872,"target_net_yield_bps":704,"closes_at":"2026-09-28T14:39:37.240Z"},"geometry":{"type":"Polygon","coordinates":[[[35.88409,32.017575],[35.88474595015301,32.017575],[35.88474595015301,32.018268675336444],[35.88409,32.018268675336444],[35.88409,32.017575]]]}},{"type":"Feature","id":412,"properties":{"id":"P-412","dls_village":8,"dls_basin":12,"dls_plot":412,"neighbourhood_en":"Al Jubaiha","neighbourhood_ar":"الجبيهة","type":"apartment","area_m2":395,"admin_value_fils_m2":184688,"market_value_fils_m2":351245,"height_m":23,"offering_id":"","spv_name":"","unit_price_fils":0,"units_offered":0,"units_sold":0,"target_net_yield_bps":0,"closes_at":""},"geometry":{"type":"Polygon","coordinates":[[[35.88409,32.018425],[35.884565428739386,32.018425],[35.884565428739386,32.01915015326322],[35.88409,32.01915015326322],[35.88409,32.018425]]]}},{"type":"Feature","id":413,"properties":{"id":"P-413","dls_village":8,"dls_basin":12,"dls_plot":413,"neighbourhood_en":"Al Jubaiha","neighbourhood_ar":"الجبيهة","type":"building","area_m2":1130,"admin_value_fils_m2":171480,"market_value_fils_m2":356905,"height_m":15,"offering_id":"OFF-413","spv_name":"Qitaa Al Jubaiha 413 LLC","unit_price_fils":10000,"units_offered":2600,"units_sold":1077,"target_net_yield_bps":720,"closes_at":"2026-09-08T07:07:21.347Z"},"geometry":{"type":"Polygon","coordinates":[[[35.88409,32.019275],[35.88480436154061,32.019275],[35.88480436154061,32.02001860918898],[35.88409,32.02001860918898],[35.88409,32.019275]]]}},{"type":"Feature","id":414,"properties":{"id":"P-414","dls_village":8,"dls_basin":12,"dls_plot":414,"neighbourhood_en":"Al Jubaiha","neighbourhood_ar":"الجبيهة","type":"building","area_m2":1271,"admin_value_fils_m2":175268,"market_value_fils_m2":350425,"height_m":18,"offering_id":"OFF-414","spv_name":"Qitaa Al Jubaiha 414 LLC","unit_price_fils":10000,"units_offered":2800,"units_sold":2610,"target_net_yield_bps":743,"closes_at":"2026-08-23T00:39:05.754Z"},"geometry":{"type":"Polygon","coordinates":[[[35.88409,32.020125],[35.8848220147445,32.020125],[35.8848220147445,32.02069532400794],[35.88409,32.02069532400794],[35.88409,32.020125]]]}},{"type":"Feature","id":415,"properties":{"id":"P-415","dls_village":8,"dls_basin":12,"dls_plot":415,"neighbourhood_en":"Al Jubaiha","neighbourhood_ar":"الجبيهة","type":"apartment","area_m2":1323,"admin_value_fils_m2":152677,"market_value_fils_m2":488658,"height_m":13,"offering_id":"","spv_name":"","unit_price_fils":0,"units_offered":0,"units_sold":0,"target_net_yield_bps":0,"closes_at":""},"geometry":{"type":"Polygon","coordinates":[[[35.88409,32.020975],[35.8846290631562,32.020975],[35.8846290631562,32.021472798198275],[35.88409,32.021472798198275],[35.88409,32.020975]]]}},{"type":"Feature","id":416,"properties":{"id":"P-416","dls_village":8,"dls_basin":12,"dls_plot":416,"neighbourhood_en":"Al Jubaiha","neighbourhood_ar":"الجبيهة","type":"building","area_m2":1014,"admin_value_fils_m2":165092,"market_value_fils_m2":449307,"height_m":23,"offering_id":"","spv_name":"","unit_price_fils":0,"units_offered":0,"units_sold":0,"target_net_yield_bps":0,"closes_at":""},"geometry":{"type":"Polygon","coordinates":[[[35.8850675,32.014175],[35.885736678201816,32.014175],[35.885736678201816,32.01471661640618],[35.8850675,32.01471661640618],[35.8850675,32.014175]]]}},{"type":"Feature","id":417,"properties":{"id":"P-417","dls_village":8,"dls_basin":12,"dls_plot":417,"neighbourhood_en":"Al Jubaiha","neighbourhood_ar":"الجبيهة","type":"building","area_m2":691,"admin_value_fils_m2":182014,"market_value_fils_m2":408893,"height_m":21,"offering_id":"","spv_name":"","unit_price_fils":0,"units_offered":0,"units_sold":0,"target_net_yield_bps":0,"closes_at":""},"geometry":{"type":"Polygon","coordinates":[[[35.8850675,32.015025],[35.88574016790589,32.015025],[35.88574016790589,32.01557877640433],[35.8850675,32.01557877640433],[35.8850675,32.015025]]]}},{"type":"Feature","id":418,"properties":{"id":"P-418","dls_village":8,"dls_basin":12,"dls_plot":418,"neighbourhood_en":"Al Jubaiha","neighbourhood_ar":"الجبيهة","type":"building","area_m2":1177,"admin_value_fils_m2":194839,"market_value_fils_m2":456097,"height_m":16,"offering_id":"OFF-418","spv_name":"Qitaa Al Jubaiha 418 LLC","unit_price_fils":10000,"units_offered":4500,"units_sold":1812,"target_net_yield_bps":595,"closes_at":"2026-10-01T23:13:38.266Z"},"geometry":{"type":"Polygon","coordinates":[[[35.8850675,32.015875],[35.88582351174858,32.015875],[35.88582351174858,32.01651854489012],[35.8850675,32.01651854489012],[35.8850675,32.015875]]]}},{"type":"Feature","id":419,"properties":{"id":"P-419","dls_village":8,"dls_basin":12,"dls_plot":419,"neighbourhood_en":"Al Jubaiha","neighbourhood_ar":"الجبيهة","type":"apartment","area_m2":736,"admin_value_fils_m2":195210,"market_value_fils_m2":447740,"height_m":13,"offering_id":"","spv_name":"","unit_price_fils":0,"units_offered":0,"units_sold":0,"target_net_yield_bps":0,"closes_at":""},"geometry":{"type":"Polygon","coordinates":[[[35.8850675,32.016725],[35.88572349698285,32.016725],[35.88572349698285,32.017423106516524],[35.8850675,32.017423106516524],[35.8850675,32.016725]]]}},{"type":"Feature","id":420,"properties":{"id":"P-420","dls_village":8,"dls_basin":12,"dls_plot":420,"neighbourhood_en":"Al Jubaiha","neighbourhood_ar":"الجبيهة","type":"apartment","area_m2":1232,"admin_value_fils_m2":162279,"market_value_fils_m2":507807,"height_m":15,"offering_id":"","spv_name":"","unit_price_fils":0,"units_offered":0,"units_sold":0,"target_net_yield_bps":0,"closes_at":""},"geometry":{"type":"Polygon","coordinates":[[[35.8850675,32.017575],[35.88559648950694,32.017575],[35.88559648950694,32.01822426585723],[35.8850675,32.01822426585723],[35.8850675,32.017575]]]}},{"type":"Feature","id":421,"properties":{"id":"P-421","dls_village":8,"dls_basin":12,"dls_plot":421,"neighbourhood_en":"Al Jubaiha","neighbourhood_ar":"الجبيهة","type":"apartment","area_m2":1130,"admin_value_fils_m2":176646,"market_value_fils_m2":513306,"height_m":19,"offering_id":"","spv_name":"","unit_price_fils":0,"units_offered":0,"units_sold":0,"target_net_yield_bps":0,"closes_at":""},"geometry":{"type":"Polygon","coordinates":[[[35.8850675,32.018425],[35.88564270196099,32.018425],[35.88564270196099,32.01896184434316],[35.8850675,32.01896184434316],[35.8850675,32.018425]]]}},{"type":"Feature","id":422,"properties":{"id":"P-422","dls_village":8,"dls_basin":12,"dls_plot":422,"neighbourhood_en":"Al Jubaiha","neighbourhood_ar":"الجبيهة","type":"apartment","area_m2":1247,"admin_value_fils_m2":173094,"market_value_fils_m2":470358,"height_m":16,"offering_id":"","spv_name":"","unit_price_fils":0,"units_offered":0,"units_sold":0,"target_net_yield_bps":0,"closes_at":""},"geometry":{"type":"Polygon","coordinates":[[[35.8850675,32.019275],[35.88554137383108,32.019275],[35.88554137383108,32.01976891492628],[35.8850675,32.01976891492628],[35.8850675,32.019275]]]}},{"type":"Feature","id":423,"properties":{"id":"P-423","dls_village":8,"dls_basin":12,"dls_plot":423,"neighbourhood_en":"Al Jubaiha","neighbourhood_ar":"الجبيهة","type":"building","area_m2":836,"admin_value_fils_m2":196239,"market_value_fils_m2":368208,"height_m":20,"offering_id":"OFF-423","spv_name":"Qitaa Al Jubaiha 423 LLC","unit_price_fils":10000,"units_offered":3500,"units_sold":2414,"target_net_yield_bps":493,"closes_at":"2026-08-12T05:20:13.713Z"},"geometry":{"type":"Polygon","coordinates":[[[35.8850675,32.020125],[35.88582926818946,32.020125],[35.88582926818946,32.02062829351888],[35.8850675,32.02062829351888],[35.8850675,32.020125]]]}},{"type":"Feature","id":424,"properties":{"id":"P-424","dls_village":8,"dls_basin":12,"dls_plot":424,"neighbourhood_en":"Al Jubaiha","neighbourhood_ar":"الجبيهة","type":"building","area_m2":1096,"admin_value_fils_m2":156792,"market_value_fils_m2":351893,"height_m":19,"offering_id":"","spv_name":"","unit_price_fils":0,"units_offered":0,"units_sold":0,"target_net_yield_bps":0,"closes_at":""},"geometry":{"type":"Polygon","coordinates":[[[35.8850675,32.020975],[35.885757557585876,32.020975],[35.885757557585876,32.02152586371405],[35.8850675,32.02152586371405],[35.8850675,32.020975]]]}},{"type":"Feature","id":425,"properties":{"id":"P-425","dls_village":8,"dls_basin":12,"dls_plot":425,"neighbourhood_en":"Al Jubaiha","neighbourhood_ar":"الجبيهة","type":"building","area_m2":1020,"admin_value_fils_m2":171587,"market_value_fils_m2":381354,"height_m":24,"offering_id":"","spv_name":"","unit_price_fils":0,"units_offered":0,"units_sold":0,"target_net_yield_bps":0,"closes_at":""},"geometry":{"type":"Polygon","coordinates":[[[35.886044999999996,32.014175],[35.88669061582735,32.014175],[35.88669061582735,32.01487275357238],[35.886044999999996,32.01487275357238],[35.886044999999996,32.014175]]]}},{"type":"Feature","id":426,"properties":{"id":"P-426","dls_village":8,"dls_basin":12,"dls_plot":426,"neighbourhood_en":"Al Jubaiha","neighbourhood_ar":"الجبيهة","type":"building","area_m2":1400,"admin_value_fils_m2":152979,"market_value_fils_m2":387058,"height_m":14,"offering_id":"","spv_name":"","unit_price_fils":0,"units_offered":0,"units_sold":0,"target_net_yield_bps":0,"closes_at":""},"geometry":{"type":"Polygon","coordinates":[[[35.886044999999996,32.015025],[35.88667757560014,32.015025],[35.88667757560014,32.01553855466107],[35.886044999999996,32.01553855466107],[35.886044999999996,32.015025]]]}},{"type":"Feature","id":427,"properties":{"id":"P-427","dls_village":8,"dls_basin":12,"dls_plot":427,"neighbourhood_en":"Al Jubaiha","neighbourhood_ar":"الجبيهة","type":"apartment","area_m2":635,"admin_value_fils_m2":194204,"market_value_fils_m2":441428,"height_m":19,"offering_id":"","spv_name":"","unit_price_fils":0,"units_offered":0,"units_sold":0,"target_net_yield_bps":0,"closes_at":""},"geometry":{"type":"Polygon","coordinates":[[[35.886044999999996,32.015875],[35.886594052250594,32.015875],[35.886594052250594,32.01649266224236],[35.886044999999996,32.01649266224236],[35.886044999999996,32.015875]]]}},{"type":"Feature","id":428,"properties":{"id":"P-428","dls_village":8,"dls_basin":12,"dls_plot":428,"neighbourhood_en":"Al Jubaiha","neighbourhood_ar":"الجبيهة","type":"building","area_m2":889,"admin_value_fils_m2":154805,"market_value_fils_m2":501198,"height_m":14,"offering_id":"OFF-428","spv_name":"Qitaa Al Jubaiha 428 LLC","unit_price_fils":10000,"units_offered":7100,"units_sold":1116,"target_net_yield_bps":791,"closes_at":"2026-10-14T02:10:56.204Z"},"geometry":{"type":"Polygon","coordinates":[[[35.886044999999996,32.016725],[35.88657663534572,32.016725],[35.88657663534572,32.017249071566326],[35.886044999999996,32.017249071566326],[35.886044999999996,32.016725]]]}},{"type":"Feature","id":429,"properties":{"id":"P-429","dls_village":8,"dls_basin":12,"dls_plot":429,"neighbourhood_en":"Al Jubaiha","neighbourhood_ar":"الجبيهة","type":"building","area_m2":950,"admin_value_fils_m2":160803,"market_value_fils_m2":467705,"height_m":12,"offering_id":"","spv_name":"","unit_price_fils":0,"units_offered":0,"units_sold":0,"target_net_yield_bps":0,"closes_at":""},"geometry":{"type":"Polygon","coordinates":[[[35.886044999999996,32.017575],[35.88665833334833,32.017575],[35.88665833334833,32.01832435978634],[35.886044999999996,32.01832435978634],[35.886044999999996,32.017575]]]}},{"type":"Feature","id":430,"properties":{"id":"P-430","dls_village":8,"dls_basin":12,"dls_plot":430,"neighbourhood_en":"Al Jubaiha","neighbourhood_ar":"الجبيهة","type":"apartment","area_m2":1025,"admin_value_fils_m2":156499,"market_value_fils_m2":420737,"height_m":20,"offering_id":"","spv_name":"","unit_price_fils":0,"units_offered":0,"units_sold":0,"target_net_yield_bps":0,"closes_at":""},"geometry":{"type":"Polygon","coordinates":[[[35.886044999999996,32.018425],[35.88674593798702,32.018425],[35.88674593798702,32.019065584386894],[35.886044999999996,32.019065584386894],[35.886044999999996,32.018425]]]}},{"type":"Feature","id":431,"properties":{"id":"P-431","dls_village":8,"dls_basin":12,"dls_plot":431,"neighbourhood_en":"Al Jubaiha","neighbourhood_ar":"الجبيهة","type":"apartment","area_m2":1233,"admin_value_fils_m2":155972,"market_value_fils_m2":472300,"height_m":18,"offering_id":"OFF-431","spv_name":"Qitaa Al Jubaiha 431 LLC","unit_price_fils":10000,"units_offered":10900,"units_sold":10625,"target_net_yield_bps":599,"closes_at":"2026-10-28T11:35:46.325Z"},"geometry":{"type":"Polygon","coordinates":[[[35.886044999999996,32.020125],[35.886779375517236,32.020125],[35.886779375517236,32.020880567472005],[35.886044999999996,32.020880567472005],[35.886044999999996,32.020125]]]}},{"type":"Feature","id":432,"properties":{"id":"P-432","dls_village":8,"dls_basin":12,"dls_plot":432,"neighbourhood_en":"Al Jubaiha","neighbourhood_ar":"الجبيهة","type":"building","area_m2":1366,"admin_value_fils_m2":184423,"market_value_fils_m2":418104,"height_m":13,"offering_id":"OFF-432","spv_name":"Qitaa Al Jubaiha 432 LLC","unit_price_fils":10000,"units_offered":3900,"units_sold":2081,"target_net_yield_bps":772,"closes_at":"2026-08-27T01:45:41.855Z"},"geometry":{"type":"Polygon","coordinates":[[[35.8870225,32.014175],[35.88771373887892,32.014175],[35.88771373887892,32.01484016352581],[35.8870225,32.01484016352581],[35.8870225,32.014175]]]}},{"type":"Feature","id":433,"properties":{"id":"P-433","dls_village":8,"dls_basin":12,"dls_plot":433,"neighbourhood_en":"Al Jubaiha","neighbourhood_ar":"الجبيهة","type":"apartment","area_m2":1384,"admin_value_fils_m2":181573,"market_value_fils_m2":457783,"height_m":20,"offering_id":"","spv_name":"","unit_price_fils":0,"units_offered":0,"units_sold":0,"target_net_yield_bps":0,"closes_at":""},"geometry":{"type":"Polygon","coordinates":[[[35.8870225,32.015025],[35.88760437924937,32.015025],[35.88760437924937,32.015772787751956],[35.8870225,32.015772787751956],[35.8870225,32.015025]]]}},{"type":"Feature","id":434,"properties":{"id":"P-434","dls_village":8,"dls_basin":12,"dls_plot":434,"neighbourhood_en":"Al Jubaiha","neighbourhood_ar":"الجبيهة","type":"apartment","area_m2":903,"admin_value_fils_m2":156677,"market_value_fils_m2":409866,"height_m":22,"offering_id":"OFF-434","spv_name":"Qitaa Al Jubaiha 434 LLC","unit_price_fils":10000,"units_offered":4200,"units_sold":1115,"target_net_yield_bps":794,"closes_at":"2026-09-08T18:17:28.592Z"},"geometry":{"type":"Polygon","coordinates":[[[35.8870225,32.015875],[35.88768945793687,32.015875],[35.88768945793687,32.01657260484999],[35.8870225,32.01657260484999],[35.8870225,32.015875]]]}},{"type":"Feature","id":435,"properties":{"id":"P-435","dls_village":8,"dls_basin":12,"dls_plot":435,"neighbourhood_en":"Al Jubaiha","neighbourhood_ar":"الجبيهة","type":"building","area_m2":1119,"admin_value_fils_m2":153640,"market_value_fils_m2":341879,"height_m":23,"offering_id":"OFF-435","spv_name":"Qitaa Al Jubaiha 435 LLC","unit_price_fils":10000,"units_offered":7900,"units_sold":6286,"target_net_yield_bps":724,"closes_at":"2026-08-12T08:47:46.775Z"},"geometry":{"type":"Polygon","coordinates":[[[35.8870225,32.016725],[35.8877291581649,32.016725],[35.8877291581649,32.01725716644989],[35.8870225,32.01725716644989],[35.8870225,32.016725]]]}},{"type":"Feature","id":436,"properties":{"id":"P-436","dls_village":8,"dls_basin":12,"dls_plot":436,"neighbourhood_en":"Al Jubaiha","neighbourhood_ar":"الجبيهة","type":"building","area_m2":947,"admin_value_fils_m2":171216,"market_value_fils_m2":508271,"height_m":15,"offering_id":"OFF-436","spv_name":"Qitaa Al Jubaiha 436 LLC","unit_price_fils":10000,"units_offered":2200,"units_sold":2128,"target_net_yield_bps":653,"closes_at":"2026-10-22T22:56:10.752Z"},"geometry":{"type":"Polygon","coordinates":[[[35.8870225,32.017575],[35.88768558714259,32.017575],[35.88768558714259,32.01819624707504],[35.8870225,32.01819624707504],[35.8870225,32.017575]]]}},{"type":"Feature","id":437,"properties":{"id":"P-437","dls_village":8,"dls_basin":12,"dls_plot":437,"neighbourhood_en":"Al Jubaiha","neighbourhood_ar":"الجبيهة","type":"building","area_m2":1360,"admin_value_fils_m2":157255,"market_value_fils_m2":370273,"height_m":16,"offering_id":"OFF-437","spv_name":"Qitaa Al Jubaiha 437 LLC","unit_price_fils":10000,"units_offered":6300,"units_sold":3922,"target_net_yield_bps":746,"closes_at":"2026-09-18T04:46:03.007Z"},"geometry":{"type":"Polygon","coordinates":[[[35.8870225,32.019275],[35.88757489898852,32.019275],[35.88757489898852,32.01993408993325],[35.8870225,32.01993408993325],[35.8870225,32.019275]]]}},{"type":"Feature","id":438,"properties":{"id":"P-438","dls_village":8,"dls_basin":12,"dls_plot":438,"neighbourhood_en":"Al Jubaiha","neighbourhood_ar":"الجبيهة","type":"building","area_m2":1373,"admin_value_fils_m2":179025,"market_value_fils_m2":351412,"height_m":12,"offering_id":"OFF-438","spv_name":"Qitaa Al Jubaiha 438 LLC","unit_price_fils":10000,"units_offered":11400,"units_sold":7480,"target_net_yield_bps":596,"closes_at":"2026-08-12T21:35:39.979Z"},"geometry":{"type":"Polygon","coordinates":[[[35.8870225,32.020125],[35.887504316690844,32.020125],[35.887504316690844,32.0208075614303],[35.8870225,32.0208075614303],[35.8870225,32.020125]]]}},{"type":"Feature","id":439,"properties":{"id":"P-439","dls_village":8,"dls_basin":12,"dls_plot":439,"neighbourhood_en":"Al Jubaiha","neighbourhood_ar":"الجبيهة","type":"apartment","area_m2":1009,"admin_value_fils_m2":164329,"market_value_fils_m2":442652,"height_m":20,"offering_id":"OFF-439","spv_name":"Qitaa Al Jubaiha 439 LLC","unit_price_fils":10000,"units_offered":11000,"units_sold":10627,"target_net_yield_bps":770,"closes_at":"2026-10-02T01:32:00.543Z"},"geometry":{"type":"Polygon","coordinates":[[[35.8870225,32.020975],[35.88751890382684,32.020975],[35.88751890382684,32.02155009640407],[35.8870225,32.02155009640407],[35.8870225,32.020975]]]}},{"type":"Feature","id":440,"properties":{"id":"P-440","dls_village":8,"dls_basin":12,"dls_plot":440,"neighbourhood_en":"Al Jubaiha","neighbourhood_ar":"الجبيهة","type":"building","area_m2":740,"admin_value_fils_m2":152647,"market_value_fils_m2":470306,"height_m":13,"offering_id":"","spv_name":"","unit_price_fils":0,"units_offered":0,"units_sold":0,"target_net_yield_bps":0,"closes_at":""},"geometry":{"type":"Polygon","coordinates":[[[35.888,32.014175],[35.88848536497605,32.014175],[35.88848536497605,32.014799493307756],[35.888,32.014799493307756],[35.888,32.014175]]]}},{"type":"Feature","id":441,"properties":{"id":"P-441","dls_village":8,"dls_basin":12,"dls_plot":441,"neighbourhood_en":"Al Jubaiha","neighbourhood_ar":"الجبيهة","type":"apartment","area_m2":564,"admin_value_fils_m2":168530,"market_value_fils_m2":350126,"height_m":14,"offering_id":"","spv_name":"","unit_price_fils":0,"units_offered":0,"units_sold":0,"target_net_yield_bps":0,"closes_at":""},"geometry":{"type":"Polygon","coordinates":[[[35.888,32.015875],[35.88871349426179,32.015875],[35.88871349426179,32.01648134524683],[35.888,32.01648134524683],[35.888,32.015875]]]}},{"type":"Feature","id":442,"properties":{"id":"P-442","dls_village":8,"dls_basin":12,"dls_plot":442,"neighbourhood_en":"Al Jubaiha","neighbourhood_ar":"الجبيهة","type":"apartment","area_m2":472,"admin_value_fils_m2":157209,"market_value_fils_m2":448887,"height_m":20,"offering_id":"","spv_name":"","unit_price_fils":0,"units_offered":0,"units_sold":0,"target_net_yield_bps":0,"closes_at":""},"geometry":{"type":"Polygon","coordinates":[[[35.888,32.016725],[35.8885729243942,32.016725],[35.8885729243942,32.01723747837621],[35.888,32.01723747837621],[35.888,32.016725]]]}},{"type":"Feature","id":443,"properties":{"id":"P-443","dls_village":8,"dls_basin":12,"dls_plot":443,"neighbourhood_en":"Al Jubaiha","neighbourhood_ar":"الجبيهة","type":"building","area_m2":1347,"admin_value_fils_m2":162917,"market_value_fils_m2":488413,"height_m":12,"offering_id":"","spv_name":"","unit_price_fils":0,"units_offered":0,"units_sold":0,"target_net_yield_bps":0,"closes_at":""},"geometry":{"type":"Polygon","coordinates":[[[35.888,32.017575],[35.88860765395957,32.017575],[35.88860765395957,32.01819978616725],[35.888,32.01819978616725],[35.888,32.017575]]]}},{"type":"Feature","id":444,"properties":{"id":"P-444","dls_village":8,"dls_basin":12,"dls_plot":444,"neighbourhood_en":"Al Jubaiha","neighbourhood_ar":"الجبيهة","type":"apartment","area_m2":957,"admin_value_fils_m2":170412,"market_value_fils_m2":393063,"height_m":20,"offering_id":"","spv_name":"","unit_price_fils":0,"units_offered":0,"units_sold":0,"target_net_yield_bps":0,"closes_at":""},"geometry":{"type":"Polygon","coordinates":[[[35.888,32.019275],[35.88861818073103,32.019275],[35.88861818073103,32.01981905230333],[35.888,32.01981905230333],[35.888,32.019275]]]}},{"type":"Feature","id":445,"properties":{"id":"P-445","dls_village":8,"dls_basin":12,"dls_plot":445,"neighbourhood_en":"Al Jubaiha","neighbourhood_ar":"الجبيهة","type":"apartment","area_m2":610,"admin_value_fils_m2":177963,"market_value_fils_m2":342100,"height_m":21,"offering_id":"","spv_name":"","unit_price_fils":0,"units_offered":0,"units_sold":0,"target_net_yield_bps":0,"closes_at":""},"geometry":{"type":"Polygon","coordinates":[[[35.888,32.020125],[35.88856531696446,32.020125],[35.88856531696446,32.02067050102854],[35.888,32.02067050102854],[35.888,32.020125]]]}},{"type":"Feature","id":446,"properties":{"id":"P-446","dls_village":8,"dls_basin":12,"dls_plot":446,"neighbourhood_en":"Al Jubaiha","neighbourhood_ar":"الجبيهة","type":"building","area_m2":1281,"admin_value_fils_m2":186805,"market_value_fils_m2":471507,"height_m":21,"offering_id":"","spv_name":"","unit_price_fils":0,"units_offered":0,"units_sold":0,"target_net_yield_bps":0,"closes_at":""},"geometry":{"type":"Polygon","coordinates":[[[35.888,32.020975],[35.888699531884164,32.020975],[35.888699531884164,32.021554717862095],[35.888,32.021554717862095],[35.888,32.020975]]]}},{"type":"Feature","id":447,"properties":{"id":"P-447","dls_village":8,"dls_basin":12,"dls_plot":447,"neighbourhood_en":"Al Jubaiha","neighbourhood_ar":"الجبيهة","type":"apartment","area_m2":1102,"admin_value_fils_m2":189055,"market_value_fils_m2":320944,"height_m":22,"offering_id":"","spv_name":"","unit_price_fils":0,"units_offered":0,"units_sold":0,"target_net_yield_bps":0,"closes_at":""},"geometry":{"type":"Polygon","coordinates":[[[35.888977499999996,32.014175],[35.88959954600722,32.014175],[35.88959954600722,32.01483290205326],[35.888977499999996,32.01483290205326],[35.888977499999996,32.014175]]]}},{"type":"Feature","id":448,"properties":{"id":"P-448","dls_village":8,"dls_basin":12,"dls_plot":448,"neighbourhood_en":"Al Jubaiha","neighbourhood_ar":"الجبيهة","type":"apartment","area_m2":1213,"admin_value_fils_m2":161145,"market_value_fils_m2":410345,"height_m":21,"offering_id":"","spv_name":"","unit_price_fils":0,"units_offered":0,"units_sold":0,"target_net_yield_bps":0,"closes_at":""},"geometry":{"type":"Polygon","coordinates":[[[35.888977499999996,32.015025],[35.88949457637589,32.015025],[35.88949457637589,32.01553480881372],[35.888977499999996,32.01553480881372],[35.888977499999996,32.015025]]]}},{"type":"Feature","id":449,"properties":{"id":"P-449","dls_village":8,"dls_basin":12,"dls_plot":449,"neighbourhood_en":"Al Jubaiha","neighbourhood_ar":"الجبيهة","type":"building","area_m2":528,"admin_value_fils_m2":176988,"market_value_fils_m2":388086,"height_m":16,"offering_id":"","spv_name":"","unit_price_fils":0,"units_offered":0,"units_sold":0,"target_net_yield_bps":0,"closes_at":""},"geometry":{"type":"Polygon","coordinates":[[[35.888977499999996,32.015875],[35.88966647713204,32.015875],[35.88966647713204,32.016370944461315],[35.888977499999996,32.016370944461315],[35.888977499999996,32.015875]]]}},{"type":"Feature","id":450,"properties":{"id":"P-450","dls_village":8,"dls_basin":12,"dls_plot":450,"neighbourhood_en":"Al Jubaiha","neighbourhood_ar":"الجبيهة","type":"building","area_m2":1166,"admin_value_fils_m2":165629,"market_value_fils_m2":454496,"height_m":23,"offering_id":"","spv_name":"","unit_price_fils":0,"units_offered":0,"units_sold":0,"target_net_yield_bps":0,"closes_at":""},"geometry":{"type":"Polygon","coordinates":[[[35.888977499999996,32.016725],[35.88973362657448,32.016725],[35.88973362657448,32.01720662599702],[35.888977499999996,32.01720662599702],[35.888977499999996,32.016725]]]}},{"type":"Feature","id":451,"properties":{"id":"P-451","dls_village":8,"dls_basin":12,"dls_plot":451,"neighbourhood_en":"Al Jubaiha","neighbourhood_ar":"الجبيهة","type":"building","area_m2":1186,"admin_value_fils_m2":172814,"market_value_fils_m2":441869,"height_m":22,"offering_id":"","spv_name":"","unit_price_fils":0,"units_offered":0,"units_sold":0,"target_net_yield_bps":0,"closes_at":""},"geometry":{"type":"Polygon","coordinates":[[[35.888977499999996,32.017575],[35.889504363128296,32.017575],[35.889504363128296,32.0181713679448],[35.888977499999996,32.0181713679448],[35.888977499999996,32.017575]]]}},{"type":"Feature","id":452,"properties":{"id":"P-452","dls_village":8,"dls_basin":12,"dls_plot":452,"neighbourhood_en":"Al Jubaiha","neighbourhood_ar":"الجبيهة","type":"apartment","area_m2":1101,"admin_value_fils_m2":153956,"market_value_fils_m2":355890,"height_m":21,"offering_id":"OFF-452","spv_name":"Qitaa Al Jubaiha 452 LLC","unit_price_fils":10000,"units_offered":10600,"units_sold":3689,"target_net_yield_bps":658,"closes_at":"2026-09-02T22:28:22.524Z"},"geometry":{"type":"Polygon","coordinates":[[[35.888977499999996,32.018425],[35.8896419303703,32.018425],[35.8896419303703,32.019169859576934],[35.888977499999996,32.019169859576934],[35.888977499999996,32.018425]]]}},{"type":"Feature","id":453,"properties":{"id":"P-453","dls_village":8,"dls_basin":12,"dls_plot":453,"neighbourhood_en":"Al Jubaiha","neighbourhood_ar":"الجبيهة","type":"apartment","area_m2":1321,"admin_value_fils_m2":182466,"market_value_fils_m2":508271,"height_m":14,"offering_id":"OFF-453","spv_name":"Qitaa Al Jubaiha 453 LLC","unit_price_fils":10000,"units_offered":5400,"units_sold":2384,"target_net_yield_bps":807,"closes_at":"2026-09-27T22:47:33.962Z"},"geometry":{"type":"Polygon","coordinates":[[[35.888977499999996,32.019275],[35.88956616290281,32.019275],[35.88956616290281,32.01997103299168],[35.888977499999996,32.01997103299168],[35.888977499999996,32.019275]]]}},{"type":"Feature","id":454,"properties":{"id":"P-454","dls_village":8,"dls_basin":12,"dls_plot":454,"neighbourhood_en":"Al Jubaiha","neighbourhood_ar":"الجبيهة","type":"building","area_m2":605,"admin_value_fils_m2":179260,"market_value_fils_m2":364011,"height_m":19,"offering_id":"","spv_name":"","unit_price_fils":0,"units_offered":0,"units_sold":0,"target_net_yield_bps":0,"closes_at":""},"geometry":{"type":"Polygon","coordinates":[[[35.888977499999996,32.020125],[35.88961470097931,32.020125],[35.88961470097931,32.020695316927245],[35.888977499999996,32.020695316927245],[35.888977499999996,32.020125]]]}},{"type":"Feature","id":455,"properties":{"id":"P-455","dls_village":8,"dls_basin":12,"dls_plot":455,"neighbourhood_en":"Al Jubaiha","neighbourhood_ar":"الجبيهة","type":"apartment","area_m2":1061,"admin_value_fils_m2":155050,"market_value_fils_m2":376299,"height_m":22,"offering_id":"OFF-455","spv_name":"Qitaa Al Jubaiha 455 LLC","unit_price_fils":10000,"units_offered":3900,"units_sold":359,"target_net_yield_bps":717,"closes_at":"2026-09-06T04:16:20.931Z"},"geometry":{"type":"Polygon","coordinates":[[[35.889955,32.014175],[35.89060153381149,32.014175],[35.89060153381149,32.0149203072882],[35.889955,32.0149203072882],[35.889955,32.014175]]]}},{"type":"Feature","id":456,"properties":{"id":"P-456","dls_village":8,"dls_basin":12,"dls_plot":456,"neighbourhood_en":"Al Jubaiha","neighbourhood_ar":"الجبيهة","type":"apartment","area_m2":1255,"admin_value_fils_m2":153556,"market_value_fils_m2":382904,"height_m":13,"offering_id":"OFF-456","spv_name":"Qitaa Al Jubaiha 456 LLC","unit_price_fils":10000,"units_offered":6300,"units_sold":3997,"target_net_yield_bps":686,"closes_at":"2026-08-16T22:50:14.402Z"},"geometry":{"type":"Polygon","coordinates":[[[35.889955,32.015025],[35.890438164235356,32.015025],[35.890438164235356,32.01557908873849],[35.889955,32.01557908873849],[35.889955,32.015025]]]}},{"type":"Feature","id":457,"properties":{"id":"P-457","dls_village":8,"dls_basin":12,"dls_plot":457,"neighbourhood_en":"Al Jubaiha","neighbourhood_ar":"الجبيهة","type":"building","area_m2":825,"admin_value_fils_m2":200796,"market_value_fils_m2":391154,"height_m":20,"offering_id":"","spv_name":"","unit_price_fils":0,"units_offered":0,"units_sold":0,"target_net_yield_bps":0,"closes_at":""},"geometry":{"type":"Polygon","coordinates":[[[35.889955,32.015875],[35.89049949992836,32.015875],[35.89049949992836,32.016363483440514],[35.889955,32.016363483440514],[35.889955,32.015875]]]}},{"type":"Feature","id":458,"properties":{"id":"P-458","dls_village":8,"dls_basin":12,"dls_plot":458,"neighbourhood_en":"Al Jubaiha","neighbourhood_ar":"الجبيهة","type":"apartment","area_m2":517,"admin_value_fils_m2":191935,"market_value_fils_m2":418789,"height_m":19,"offering_id":"OFF-458","spv_name":"Qitaa Al Jubaiha 458 LLC","unit_price_fils":10000,"units_offered":7500,"units_sold":1329,"target_net_yield_bps":565,"closes_at":"2026-10-07T06:33:12.387Z"},"geometry":{"type":"Polygon","coordinates":[[[35.889955,32.016725],[35.890653642892744,32.016725],[35.890653642892744,32.01732127364352],[35.889955,32.01732127364352],[35.889955,32.016725]]]}},{"type":"Feature","id":459,"properties":{"id":"P-459","dls_village":8,"dls_basin":12,"dls_plot":459,"neighbourhood_en":"Al Jubaiha","neighbourhood_ar":"الجبيهة","type":"building","area_m2":655,"admin_value_fils_m2":163529,"market_value_fils_m2":489993,"height_m":20,"offering_id":"","spv_name":"","unit_price_fils":0,"units_offered":0,"units_sold":0,"target_net_yield_bps":0,"closes_at":""},"geometry":{"type":"Polygon","coordinates":[[[35.889955,32.017575],[35.8906623554638,32.017575],[35.8906623554638,32.01823111950834],[35.889955,32.01823111950834],[35.889955,32.017575]]]}},{"type":"Feature","id":460,"properties":{"id":"P-460","dls_village":8,"dls_basin":12,"dls_plot":460,"neighbourhood_en":"Al Jubaiha","neighbourhood_ar":"الجبيهة","type":"apartment","area_m2":1023,"admin_value_fils_m2":194987,"market_value_fils_m2":458908,"height_m":13,"offering_id":"","spv_name":"","unit_price_fils":0,"units_offered":0,"units_sold":0,"target_net_yield_bps":0,"closes_at":""},"geometry":{"type":"Polygon","coordinates":[[[35.889955,32.018425],[35.890656299261515,32.018425],[35.890656299261515,32.01916850604428],[35.889955,32.01916850604428],[35.889955,32.018425]]]}},{"type":"Feature","id":461,"properties":{"id":"P-461","dls_village":8,"dls_basin":12,"dls_plot":461,"neighbourhood_en":"Al Jubaiha","neighbourhood_ar":"الجبيهة","type":"building","area_m2":1338,"admin_value_fils_m2":179430,"market_value_fils_m2":515063,"height_m":21,"offering_id":"","spv_name":"","unit_price_fils":0,"units_offered":0,"units_sold":0,"target_net_yield_bps":0,"closes_at":""},"geometry":{"type":"Polygon","coordinates":[[[35.889955,32.019275],[35.89045891873759,32.019275],[35.89045891873759,32.019921919869134],[35.889955,32.019921919869134],[35.889955,32.019275]]]}},{"type":"Feature","id":462,"properties":{"id":"P-462","dls_village":8,"dls_basin":12,"dls_plot":462,"neighbourhood_en":"Al Jubaiha","neighbourhood_ar":"الجبيهة","type":"apartment","area_m2":1384,"admin_value_fils_m2":182443,"market_value_fils_m2":328143,"height_m":18,"offering_id":"","spv_name":"","unit_price_fils":0,"units_offered":0,"units_sold":0,"target_net_yield_bps":0,"closes_at":""},"geometry":{"type":"Polygon","coordinates":[[[35.889955,32.020125],[35.89057411073932,32.020125],[35.89057411073932,32.02079860099899],[35.889955,32.02079860099899],[35.889955,32.020125]]]}},{"type":"Feature","id":463,"properties":{"id":"P-463","dls_village":8,"dls_basin":12,"dls_plot":463,"neighbourhood_en":"Al Jubaiha","neighbourhood_ar":"الجبيهة","type":"building","area_m2":453,"admin_value_fils_m2":190676,"market_value_fils_m2":328959,"height_m":16,"offering_id":"","spv_name":"","unit_price_fils":0,"units_offered":0,"units_sold":0,"target_net_yield_bps":0,"closes_at":""},"geometry":{"type":"Polygon","coordinates":[[[35.889955,32.020975],[35.890426184491716,32.020975],[35.890426184491716,32.0214788056947],[35.889955,32.0214788056947],[35.889955,32.020975]]]}},{"type":"Feature","id":464,"properties":{"id":"P-464","dls_village":8,"dls_basin":12,"dls_plot":464,"neighbourhood_en":"Al Jubaiha","neighbourhood_ar":"الجبيهة","type":"building","area_m2":580,"admin_value_fils_m2":199035,"market_value_fils_m2":390281,"height_m":12,"offering_id":"","spv_name":"","unit_price_fils":0,"units_offered":0,"units_sold":0,"target_net_yield_bps":0,"closes_at":""},"geometry":{"type":"Polygon","coordinates":[[[35.8909325,32.014175],[35.891427361401995,32.014175],[35.891427361401995,32.01477038643988],[35.8909325,32.01477038643988],[35.8909325,32.014175]]]}},{"type":"Feature","id":465,"properties":{"id":"P-465","dls_village":8,"dls_basin":12,"dls_plot":465,"neighbourhood_en":"Al Jubaiha","neighbourhood_ar":"الجبيهة","type":"building","area_m2":892,"admin_value_fils_m2":167215,"market_value_fils_m2":331778,"height_m":23,"offering_id":"","spv_name":"","unit_price_fils":0,"units_offered":0,"units_sold":0,"target_net_yield_bps":0,"closes_at":""},"geometry":{"type":"Polygon","coordinates":[[[35.8909325,32.015025],[35.89154692399586,32.015025],[35.89154692399586,32.01554193953822],[35.8909325,32.01554193953822],[35.8909325,32.015025]]]}},{"type":"Feature","id":466,"properties":{"id":"P-466","dls_village":8,"dls_basin":12,"dls_plot":466,"neighbourhood_en":"Al Jubaiha","neighbourhood_ar":"الجبيهة","type":"building","area_m2":1293,"admin_value_fils_m2":198985,"market_value_fils_m2":396883,"height_m":19,"offering_id":"","spv_name":"","unit_price_fils":0,"units_offered":0,"units_sold":0,"target_net_yield_bps":0,"closes_at":""},"geometry":{"type":"Polygon","coordinates":[[[35.8909325,32.015875],[35.8916441743249,32.015875],[35.8916441743249,32.01659338599173],[35.8909325,32.01659338599173],[35.8909325,32.015875]]]}},{"type":"Feature","id":467,"properties":{"id":"P-467","dls_village":8,"dls_basin":12,"dls_plot":467,"neighbourhood_en":"Al Jubaiha","neighbourhood_ar":"الجبيهة","type":"apartment","area_m2":833,"admin_value_fils_m2":164583,"market_value_fils_m2":361154,"height_m":19,"offering_id":"OFF-467","spv_name":"Qitaa Al Jubaiha 467 LLC","unit_price_fils":10000,"units_offered":10700,"units_sold":4012,"target_net_yield_bps":694,"closes_at":"2026-08-16T16:02:10.422Z"},"geometry":{"type":"Polygon","coordinates":[[[35.8909325,32.017575],[35.8915293430208,32.017575],[35.8915293430208,32.018301934376865],[35.8909325,32.018301934376865],[35.8909325,32.017575]]]}},{"type":"Feature","id":468,"properties":{"id":"P-468","dls_village":8,"dls_basin":12,"dls_plot":468,"neighbourhood_en":"Al Jubaiha","neighbourhood_ar":"الجبيهة","type":"apartment","area_m2":731,"admin_value_fils_m2":164259,"market_value_fils_m2":407747,"height_m":16,"offering_id":"","spv_name":"","unit_price_fils":0,"units_offered":0,"units_sold":0,"target_net_yield_bps":0,"closes_at":""},"geometry":{"type":"Polygon","coordinates":[[[35.8909325,32.018425],[35.891541724373454,32.018425],[35.891541724373454,32.018910454314636],[35.8909325,32.018910454314636],[35.8909325,32.018425]]]}},{"type":"Feature","id":469,"properties":{"id":"P-469","dls_village":8,"dls_basin":12,"dls_plot":469,"neighbourhood_en":"Al Jubaiha","neighbourhood_ar":"الجبيهة","type":"building","area_m2":431,"admin_value_fils_m2":162905,"market_value_fils_m2":436179,"height_m":16,"offering_id":"","spv_name":"","unit_price_fils":0,"units_offered":0,"units_sold":0,"target_net_yield_bps":0,"closes_at":""},"geometry":{"type":"Polygon","coordinates":[[[35.8909325,32.019275],[35.891421310022636,32.019275],[35.891421310022636,32.019953161843645],[35.8909325,32.019953161843645],[35.8909325,32.019275]]]}},{"type":"Feature","id":470,"properties":{"id":"P-470","dls_village":8,"dls_basin":12,"dls_plot":470,"neighbourhood_en":"Al Jubaiha","neighbourhood_ar":"الجبيهة","type":"apartment","area_m2":685,"admin_value_fils_m2":178733,"market_value_fils_m2":521810,"height_m":20,"offering_id":"","spv_name":"","unit_price_fils":0,"units_offered":0,"units_sold":0,"target_net_yield_bps":0,"closes_at":""},"geometry":{"type":"Polygon","coordinates":[[[35.8909325,32.020975],[35.89165316265417,32.020975],[35.89165316265417,32.02171716497964],[35.8909325,32.02171716497964],[35.8909325,32.020975]]]}}]}